country,yearofbirth,Democracy
Afghanistan,1987,0
Afghanistan,1986,0
Afghanistan,1985,0
Afghanistan,1984,0
Afghanistan,1983,0
Afghanistan,1982,0
Afghanistan,1981,0
Afghanistan,1980,0
Afghanistan,1979,0
Afghanistan,1978,0
Afghanistan,1977,0
Afghanistan,1976,0
Afghanistan,1975,0
Afghanistan,1974,0
Afghanistan,1973,0
Afghanistan,1972,0
Afghanistan,1971,0
Afghanistan,1970,0
Afghanistan,1969,0
Afghanistan,1968,0
Afghanistan,1967,0
Afghanistan,1966,0
Afghanistan,1965,0
Afghanistan,1964,0
Afghanistan,1963,0
Afghanistan,1962,0
Afghanistan,1961,0
Afghanistan,1960,0
Afghanistan,1959,0
Afghanistan,1958,0
Afghanistan,1957,0
Afghanistan,1956,0
Afghanistan,1955,0
Afghanistan,1954,0
Afghanistan,1952,0
Afghanistan,1950,0
Afghanistan,1949,0
Afghanistan,1947,0
Afghanistan,1945,0
Afghanistan,1944,0
Afghanistan,1942,0
Afghanistan,1937,0
Afghanistan,1935,0
Afghanistan,1927,0
Afghanistan,1925,0
Algeria,1987,0
Algeria,1986,0
Algeria,1985,0
Algeria,1984,0
Algeria,1983,0
Algeria,1982,0
Algeria,1981,0
Algeria,1980,0
Algeria,1979,0
Algeria,1978,0
Algeria,1977,0
Algeria,1976,0
Algeria,1975,0
Algeria,1974,0
Algeria,1973,0
Algeria,1972,0
Algeria,1971,0
Algeria,1970,0
Algeria,1969,0
Algeria,1968,0
Algeria,1967,0
Algeria,1966,0
Algeria,1965,0
Algeria,1964,0
Algeria,1963,0
Algeria,1962,0
Algeria,1961,0
Algeria,1960,0
Algeria,1959,0
Algeria,1958,0
Algeria,1957,0
Algeria,1956,0
Algeria,1955,0
Algeria,1954,0
Algeria,1953,0
Algeria,1952,0
Algeria,1951,0
Algeria,1950,0
Algeria,1949,0
Algeria,1948,0
Algeria,1947,0
Algeria,1946,0
Algeria,1945,0
Algeria,1944,0
Algeria,1943,0
Algeria,1942,0
Algeria,1940,0
Algeria,1929,0
Algeria,1919,0
Argentina,1987,1
Argentina,1986,1
Argentina,1985,1
Argentina,1984,1
Argentina,1983,1
Argentina,1982,1
Argentina,1981,1
Argentina,1980,1
Argentina,1979,1
Argentina,1978,1
Argentina,1977,1
Argentina,1976,1
Argentina,1975,1
Argentina,1974,1
Argentina,1973,1
Argentina,1972,1
Argentina,1971,1
Argentina,1970,1
Argentina,1969,1
Argentina,1968,1
Argentina,1967,1
Argentina,1966,1
Argentina,1965,1
Argentina,1964,1
Argentina,1963,1
Argentina,1962,0
Argentina,1961,0
Argentina,1960,0
Argentina,1959,0
Argentina,1958,0
Argentina,1957,0
Argentina,1956,0
Argentina,1955,0
Argentina,1954,0
Argentina,1953,0
Argentina,1952,0
Argentina,1951,0
Argentina,1950,0
Argentina,1949,0
Argentina,1948,0
Argentina,1947,0
Argentina,1946,0
Argentina,1945,0
Argentina,1944,0
Argentina,1943,0
Argentina,1942,0
Argentina,1941,0
Argentina,1940,0
Argentina,1939,0
Argentina,1938,0
Argentina,1937,0
Argentina,1936,0
Argentina,1935,0
Argentina,1934,0
Argentina,1933,0
Argentina,1932,0
Argentina,1931,0
Argentina,1930,0
Argentina,1929,0
Argentina,1928,0
Argentina,1926,0
Argentina,1925,0
Argentina,1924,0
Argentina,1923,0
Argentina,1922,0
Argentina,1921,0
Australia,1987,1
Australia,1986,1
Australia,1985,1
Australia,1984,1
Australia,1983,1
Australia,1982,1
Australia,1981,1
Australia,1980,1
Australia,1979,1
Australia,1978,1
Australia,1977,1
Australia,1976,1
Australia,1975,1
Australia,1974,1
Australia,1973,1
Australia,1972,1
Australia,1971,1
Australia,1970,1
Australia,1969,1
Australia,1968,1
Australia,1967,1
Australia,1966,1
Australia,1965,1
Australia,1964,1
Australia,1963,1
Australia,1962,1
Australia,1961,1
Australia,1960,1
Australia,1959,1
Australia,1958,1
Australia,1957,1
Australia,1956,1
Australia,1955,1
Australia,1954,1
Australia,1953,1
Australia,1952,1
Australia,1951,1
Australia,1950,1
Australia,1949,1
Australia,1948,1
Australia,1947,1
Australia,1946,1
Australia,1945,1
Australia,1944,1
Australia,1943,1
Australia,1942,1
Australia,1941,1
Australia,1940,1
Australia,1939,1
Australia,1938,1
Australia,1937,1
Australia,1936,1
Australia,1935,1
Australia,1934,1
Australia,1933,1
Australia,1932,1
Australia,1931,1
Australia,1930,1
Australia,1929,1
Australia,1928,1
Australia,1927,1
Australia,1926,1
Australia,1925,1
Australia,1924,1
Australia,1923,1
Australia,1922,1
Australia,1920,1
Australia,1919,1
Austria,1987,1
Austria,1986,1
Austria,1985,1
Austria,1984,1
Austria,1983,1
Austria,1982,1
Austria,1981,1
Austria,1980,1
Austria,1979,1
Austria,1978,1
Austria,1977,1
Austria,1976,1
Austria,1975,1
Austria,1974,1
Austria,1973,1
Austria,1972,1
Austria,1971,1
Austria,1970,1
Austria,1969,1
Austria,1968,1
Austria,1967,1
Austria,1966,1
Austria,1965,1
Austria,1964,1
Austria,1963,1
Austria,1962,1
Austria,1961,1
Austria,1960,1
Austria,1959,1
Austria,1958,1
Austria,1957,1
Austria,1956,1
Austria,1955,1
Austria,1954,1
Austria,1953,1
Austria,1952,1
Austria,1951,1
Austria,1950,1
Austria,1949,1
Austria,1948,1
Austria,1947,1
Austria,1946,1
Austria,1945,1
Austria,1944,1
Austria,1943,1
Austria,1942,1
Austria,1941,1
Austria,1940,1
Austria,1939,1
Austria,1938,1
Austria,1937,1
Austria,1936,1
Austria,1935,1
Austria,1934,1
Austria,1933,1
Austria,1932,1
Austria,1931,1
Austria,1930,1
Austria,1929,1
Austria,1928,1
Austria,1927,1
Austria,1926,1
Austria,1925,1
Austria,1924,1
Austria,1923,0
Austria,1922,0
Austria,1921,0
Austria,1917,0
Bangladesh,1987,0
Bangladesh,1986,0
Bangladesh,1985,0
Bangladesh,1984,0
Bangladesh,1983,0
Bangladesh,1982,0
Bangladesh,1981,0
Bangladesh,1980,1
Bangladesh,1979,1
Bangladesh,1978,1
Bangladesh,1977,1
Bangladesh,1976,1
Bangladesh,1975,1
Bangladesh,1974,1
Bangladesh,1973,1
Bangladesh,1972,1
Bangladesh,1971,1
Bangladesh,1970,0
Bangladesh,1969,0
Bangladesh,1968,0
Bangladesh,1967,0
Bangladesh,1966,0
Bangladesh,1965,0
Bangladesh,1964,0
Bangladesh,1962,0
Bangladesh,1960,0
Bangladesh,1959,0
Bangladesh,1957,0
Bangladesh,1956,0
Bangladesh,1955,0
Bangladesh,1954,0
Bangladesh,1953,0
Bangladesh,1952,0
Bangladesh,1950,0
Bangladesh,1949,0
Bangladesh,1948,0
Bangladesh,1947,0
Bangladesh,1946,0
Bangladesh,1945,0
Bangladesh,1944,0
Bangladesh,1943,0
Bangladesh,1942,0
Bangladesh,1940,0
Bangladesh,1937,0
Bangladesh,1936,0
Bangladesh,1935,0
Bangladesh,1932,0
Bangladesh,1927,0
Bangladesh,1922,0
Bolivia,1987,1
Bolivia,1986,1
Bolivia,1985,1
Bolivia,1984,1
Bolivia,1983,1
Bolivia,1982,1
Bolivia,1981,1
Bolivia,1980,1
Bolivia,1979,1
Bolivia,1978,1
Bolivia,1977,1
Bolivia,1976,1
Bolivia,1975,1
Bolivia,1974,1
Bolivia,1973,1
Bolivia,1972,1
Bolivia,1971,1
Bolivia,1970,1
Bolivia,1969,1
Bolivia,1968,1
Bolivia,1967,1
Bolivia,1966,1
Bolivia,1965,1
Bolivia,1964,0
Bolivia,1963,0
Bolivia,1962,0
Bolivia,1961,0
Bolivia,1960,0
Bolivia,1959,0
Bolivia,1958,0
Bolivia,1957,0
Bolivia,1956,0
Bolivia,1955,0
Bolivia,1954,0
Bolivia,1953,0
Bolivia,1952,0
Bolivia,1951,0
Bolivia,1950,0
Bolivia,1949,0
Bolivia,1948,0
Bolivia,1947,0
Bolivia,1946,0
Bolivia,1945,0
Bolivia,1944,0
Bolivia,1943,0
Bolivia,1942,0
Bolivia,1941,0
Bolivia,1940,0
Bolivia,1939,0
Bolivia,1938,0
Bolivia,1937,0
Bolivia,1936,0
Bolivia,1935,0
Bolivia,1934,0
Bolivia,1933,0
Bolivia,1931,0
Bolivia,1930,0
Bolivia,1929,0
Bolivia,1928,0
Bolivia,1927,0
Bolivia,1926,0
Bolivia,1922,0
Bosnia Herzegovina,1987,0
Bosnia Herzegovina,1986,0
Bosnia Herzegovina,1985,0
Bosnia Herzegovina,1984,0
Bosnia Herzegovina,1983,0
Bosnia Herzegovina,1982,0
Bosnia Herzegovina,1981,0
Bosnia Herzegovina,1980,0
Bosnia Herzegovina,1979,0
Bosnia Herzegovina,1978,0
Bosnia Herzegovina,1977,0
Bosnia Herzegovina,1976,0
Bosnia Herzegovina,1975,0
Bosnia Herzegovina,1974,0
Bosnia Herzegovina,1973,0
Bosnia Herzegovina,1972,0
Bosnia Herzegovina,1971,0
Bosnia Herzegovina,1970,0
Bosnia Herzegovina,1969,0
Bosnia Herzegovina,1968,0
Bosnia Herzegovina,1967,0
Bosnia Herzegovina,1966,0
Bosnia Herzegovina,1965,0
Bosnia Herzegovina,1964,0
Bosnia Herzegovina,1963,0
Bosnia Herzegovina,1962,0
Bosnia Herzegovina,1961,0
Bosnia Herzegovina,1960,0
Bosnia Herzegovina,1959,0
Bosnia Herzegovina,1958,0
Bosnia Herzegovina,1957,0
Bosnia Herzegovina,1956,0
Bosnia Herzegovina,1955,0
Bosnia Herzegovina,1954,0
Bosnia Herzegovina,1953,0
Bosnia Herzegovina,1952,0
Bosnia Herzegovina,1951,0
Bosnia Herzegovina,1950,0
Bosnia Herzegovina,1949,0
Bosnia Herzegovina,1948,0
Bosnia Herzegovina,1947,0
Bosnia Herzegovina,1946,0
Bosnia Herzegovina,1945,0
Bosnia Herzegovina,1944,0
Bosnia Herzegovina,1943,0
Bosnia Herzegovina,1942,0
Bosnia Herzegovina,1941,0
Bosnia Herzegovina,1940,0
Bosnia Herzegovina,1939,0
Bosnia Herzegovina,1938,0
Bosnia Herzegovina,1937,0
Bosnia Herzegovina,1936,0
Bosnia Herzegovina,1935,0
Bosnia Herzegovina,1934,0
Bosnia Herzegovina,1933,0
Bosnia Herzegovina,1932,0
Bosnia Herzegovina,1931,0
Bosnia Herzegovina,1929,0
Bosnia Herzegovina,1926,0
Bosnia Herzegovina,1923,0
Botswana,1987,1
Botswana,1986,1
Botswana,1985,1
Botswana,1984,1
Botswana,1983,1
Botswana,1982,1
Botswana,1981,1
Botswana,1980,1
Botswana,1979,1
Botswana,1978,1
Botswana,1977,1
Botswana,1976,1
Botswana,1975,1
Botswana,1974,1
Botswana,1973,1
Botswana,1972,1
Botswana,1971,1
Botswana,1970,1
Botswana,1969,1
Botswana,1968,1
Botswana,1967,1
Botswana,1966,1
Botswana,1965,1
Botswana,1964,1
Botswana,1963,1
Botswana,1962,1
Botswana,1961,1
Botswana,1960,1
Botswana,1959,1
Botswana,1958,1
Botswana,1957,1
Botswana,1956,1
Botswana,1955,1
Botswana,1954,1
Botswana,1953,1
Botswana,1952,1
Botswana,1951,1
Botswana,1950,1
Botswana,1949,1
Botswana,1948,1
Botswana,1947,1
Botswana,1946,1
Botswana,1945,0
Botswana,1944,0
Botswana,1943,0
Botswana,1942,0
Botswana,1940,0
Botswana,1939,0
Botswana,1938,0
Botswana,1937,0
Botswana,1936,0
Botswana,1935,0
Botswana,1934,0
Botswana,1933,0
Botswana,1932,0
Botswana,1931,0
Botswana,1930,0
Botswana,1929,0
Botswana,1928,0
Botswana,1927,0
Botswana,1925,0
Botswana,1922,0
Botswana,1920,0
Brazil,1987,1
Brazil,1988,1
Brazil,1986,1
Brazil,1985,1
Brazil,1984,1
Brazil,1983,1
Brazil,1982,1
Brazil,1981,1
Brazil,1980,1
Brazil,1979,1
Brazil,1978,1
Brazil,1977,1
Brazil,1976,1
Brazil,1975,1
Brazil,1974,1
Brazil,1973,1
Brazil,1972,1
Brazil,1971,1
Brazil,1970,1
Brazil,1969,1
Brazil,1968,1
Brazil,1967,1
Brazil,1966,1
Brazil,1965,0
Brazil,1964,0
Brazil,1963,0
Brazil,1962,0
Brazil,1961,0
Brazil,1960,0
Brazil,1959,0
Brazil,1958,0
Brazil,1957,0
Brazil,1956,0
Brazil,1955,0
Brazil,1954,0
Brazil,1953,0
Brazil,1952,0
Brazil,1951,0
Brazil,1950,0
Brazil,1949,0
Brazil,1948,0
Brazil,1947,0
Brazil,1946,0
Brazil,1945,0
Brazil,1944,0
Brazil,1943,0
Brazil,1942,0
Brazil,1941,0
Brazil,1940,0
Brazil,1939,0
Brazil,1938,0
Brazil,1937,0
Brazil,1936,0
Brazil,1935,0
Brazil,1934,0
Brazil,1933,0
Brazil,1932,0
Brazil,1931,0
Brazil,1930,0
Brazil,1929,0
Brazil,1927,0
Brazil,1926,0
Brazil,1925,0
Brazil,1923,0
Brazil,1922,0
Brazil,1921,0
Brazil,1917,0
Cambodia,1987,0
Cambodia,1986,0
Cambodia,1985,0
Cambodia,1984,0
Cambodia,1983,0
Cambodia,1982,0
Cambodia,1981,0
Cambodia,1980,0
Cambodia,1979,0
Cambodia,1978,0
Cambodia,1977,0
Cambodia,1976,0
Cambodia,1975,0
Cambodia,1974,0
Cambodia,1973,0
Cambodia,1972,0
Cambodia,1971,0
Cambodia,1970,0
Cambodia,1969,0
Cambodia,1968,0
Cambodia,1967,0
Cambodia,1966,0
Cambodia,1965,0
Cambodia,1964,0
Cambodia,1963,0
Cambodia,1962,0
Cambodia,1961,0
Cambodia,1960,0
Cambodia,1959,0
Cambodia,1958,0
Cambodia,1957,0
Cambodia,1956,0
Cambodia,1955,0
Cambodia,1954,0
Cambodia,1953,0
Cambodia,1952,0
Cambodia,1951,0
Cambodia,1950,0
Cambodia,1949,0
Cambodia,1948,0
Cambodia,1947,0
Cambodia,1946,0
Cambodia,1945,0
Cambodia,1944,0
Cambodia,1943,0
Cambodia,1942,0
Cambodia,1941,0
Cambodia,1940,0
Cambodia,1939,0
Cambodia,1938,0
Cambodia,1937,0
Cambodia,1936,0
Cambodia,1935,0
Cambodia,1934,0
Cambodia,1932,0
Cambodia,1931,0
Cambodia,1930,0
Cambodia,1928,0
Cameroon,1987,0
Cameroon,1986,0
Cameroon,1985,0
Cameroon,1984,0
Cameroon,1983,0
Cameroon,1982,0
Cameroon,1981,0
Cameroon,1980,0
Cameroon,1979,0
Cameroon,1978,0
Cameroon,1977,0
Cameroon,1976,0
Cameroon,1975,0
Cameroon,1974,0
Cameroon,1973,0
Cameroon,1972,0
Cameroon,1971,0
Cameroon,1970,0
Cameroon,1969,0
Cameroon,1968,0
Cameroon,1967,0
Cameroon,1966,0
Cameroon,1965,0
Cameroon,1964,0
Cameroon,1963,0
Cameroon,1962,0
Cameroon,1961,0
Cameroon,1960,0
Cameroon,1959,0
Cameroon,1958,0
Cameroon,1957,0
Cameroon,1956,0
Cameroon,1955,0
Cameroon,1954,0
Cameroon,1953,0
Cameroon,1952,0
Cameroon,1951,0
Cameroon,1950,0
Cameroon,1949,0
Cameroon,1948,0
Cameroon,1947,0
Cameroon,1945,0
Cameroon,1944,0
Cameroon,1943,0
Cameroon,1942,0
Cameroon,1941,0
Cameroon,1933,0
Cameroon,1932,0
Cameroon,1929,0
Cameroon,1927,0
Canada,1987,1
Canada,1986,1
Canada,1985,1
Canada,1984,1
Canada,1983,1
Canada,1982,1
Canada,1981,1
Canada,1980,1
Canada,1979,1
Canada,1978,1
Canada,1977,1
Canada,1976,1
Canada,1975,1
Canada,1974,1
Canada,1973,1
Canada,1972,1
Canada,1971,1
Canada,1970,1
Canada,1969,1
Canada,1968,1
Canada,1967,1
Canada,1966,1
Canada,1965,1
Canada,1964,1
Canada,1963,1
Canada,1962,1
Canada,1961,1
Canada,1960,1
Canada,1959,1
Canada,1958,1
Canada,1957,1
Canada,1956,1
Canada,1955,1
Canada,1954,1
Canada,1953,1
Canada,1952,1
Canada,1951,1
Canada,1950,1
Canada,1949,1
Canada,1948,1
Canada,1947,1
Canada,1946,1
Canada,1945,1
Canada,1944,1
Canada,1943,1
Canada,1942,1
Canada,1941,1
Canada,1940,1
Canada,1939,1
Canada,1938,1
Canada,1937,1
Canada,1936,1
Canada,1935,1
Canada,1934,1
Canada,1933,1
Canada,1932,1
Canada,1931,1
Canada,1930,1
Canada,1929,1
Canada,1927,1
Canada,1926,1
Canada,1925,1
Canada,1924,1
Canada,1923,1
Canada,1922,1
Canada,1921,1
Chile,1987,1
Chile,1986,1
Chile,1985,1
Chile,1984,1
Chile,1983,1
Chile,1982,1
Chile,1981,1
Chile,1980,1
Chile,1979,1
Chile,1978,1
Chile,1977,1
Chile,1976,1
Chile,1975,1
Chile,1974,1
Chile,1973,1
Chile,1972,1
Chile,1971,1
Chile,1970,1
Chile,1969,1
Chile,1968,0
Chile,1967,0
Chile,1966,0
Chile,1965,0
Chile,1964,0
Chile,1963,0
Chile,1962,0
Chile,1961,0
Chile,1960,0
Chile,1959,0
Chile,1958,0
Chile,1957,0
Chile,1956,0
Chile,1955,0
Chile,1954,0
Chile,1953,0
Chile,1952,0
Chile,1951,1
Chile,1950,1
Chile,1949,1
Chile,1948,1
Chile,1947,1
Chile,1946,1
Chile,1945,1
Chile,1944,1
Chile,1943,1
Chile,1942,1
Chile,1941,1
Chile,1940,1
Chile,1939,1
Chile,1938,1
Chile,1937,0
Chile,1936,0
Chile,1935,0
Chile,1934,0
Chile,1933,0
Chile,1932,0
Chile,1931,0
Chile,1930,0
Chile,1929,0
Chile,1928,0
Chile,1927,0
Chile,1926,0
Chile,1924,0
China,1987,0
China,1986,0
China,1985,0
China,1984,0
China,1983,0
China,1982,0
China,1981,0
China,1980,0
China,1979,0
China,1978,0
China,1977,0
China,1976,0
China,1975,0
China,1974,0
China,1973,0
China,1972,0
China,1971,0
China,1970,0
China,1969,0
China,1968,0
China,1967,0
China,1966,0
China,1965,0
China,1964,0
China,1963,0
China,1962,0
China,1961,0
China,1960,0
China,1959,0
China,1958,0
China,1957,0
China,1956,0
China,1955,0
China,1954,0
China,1953,0
China,1952,0
China,1951,0
China,1950,0
China,1949,0
China,1948,0
China,1947,0
China,1946,0
China,1945,0
China,1944,0
China,1943,0
China,1942,0
China,1941,0
China,1940,0
China,1939,0
China,1938,0
China,1937,0
China,1936,0
China,1935,0
China,1934,0
China,1933,0
China,1932,0
China,1931,0
China,1930,0
China,1929,0
China,1928,0
China,1927,0
China,1926,0
China,1925,0
Colombia,1987,1
Colombia,1986,1
Colombia,1985,1
Colombia,1984,1
Colombia,1983,1
Colombia,1982,1
Colombia,1981,1
Colombia,1980,1
Colombia,1979,1
Colombia,1978,1
Colombia,1977,1
Colombia,1976,1
Colombia,1975,1
Colombia,1974,1
Colombia,1973,1
Colombia,1972,1
Colombia,1971,1
Colombia,1970,1
Colombia,1969,0
Colombia,1968,0
Colombia,1967,0
Colombia,1966,0
Colombia,1965,0
Colombia,1964,0
Colombia,1963,0
Colombia,1962,0
Colombia,1961,0
Colombia,1960,0
Colombia,1959,0
Colombia,1958,0
Colombia,1957,0
Colombia,1956,0
Colombia,1955,0
Colombia,1954,0
Colombia,1953,0
Colombia,1952,0
Colombia,1951,0
Colombia,1950,0
Colombia,1949,0
Colombia,1948,0
Colombia,1947,0
Colombia,1946,0
Colombia,1945,0
Colombia,1944,0
Colombia,1943,0
Colombia,1942,0
Colombia,1941,0
Colombia,1940,0
Colombia,1939,0
Colombia,1938,0
Colombia,1937,0
Colombia,1936,0
Colombia,1935,0
Colombia,1934,0
Colombia,1933,0
Colombia,1932,0
Colombia,1931,0
Colombia,1930,0
Colombia,1929,0
Colombia,1928,0
Colombia,1927,0
Colombia,1926,0
Colombia,1925,0
Colombia,1924,0
Colombia,1923,0
Costa Rica,1987,1
Costa Rica,1986,1
Costa Rica,1985,1
Costa Rica,1984,1
Costa Rica,1983,1
Costa Rica,1982,1
Costa Rica,1981,1
Costa Rica,1980,1
Costa Rica,1979,1
Costa Rica,1978,1
Costa Rica,1977,1
Costa Rica,1976,1
Costa Rica,1975,1
Costa Rica,1974,1
Costa Rica,1973,1
Costa Rica,1972,1
Costa Rica,1971,1
Costa Rica,1970,1
Costa Rica,1969,1
Costa Rica,1968,1
Costa Rica,1967,1
Costa Rica,1966,1
Costa Rica,1965,1
Costa Rica,1964,1
Costa Rica,1963,1
Costa Rica,1962,1
Costa Rica,1961,1
Costa Rica,1960,1
Costa Rica,1959,1
Costa Rica,1958,1
Costa Rica,1957,1
Costa Rica,1956,1
Costa Rica,1955,1
Costa Rica,1954,1
Costa Rica,1953,1
Costa Rica,1952,1
Costa Rica,1951,1
Costa Rica,1950,1
Costa Rica,1949,1
Costa Rica,1948,1
Costa Rica,1947,1
Costa Rica,1946,1
Costa Rica,1945,1
Costa Rica,1944,1
Costa Rica,1943,1
Costa Rica,1942,1
Costa Rica,1941,1
Costa Rica,1940,1
Costa Rica,1939,1
Costa Rica,1938,1
Costa Rica,1937,1
Costa Rica,1936,1
Costa Rica,1935,1
Costa Rica,1934,1
Costa Rica,1932,1
Costa Rica,1931,1
Costa Rica,1930,1
Costa Rica,1929,1
Costa Rica,1928,0
Costa Rica,1927,0
Costa Rica,1926,0
Costa Rica,1925,0
Costa Rica,1921,0
Costa Rica,1914,0
Croatia,1987,1
Croatia,1986,1
Croatia,1985,1
Croatia,1984,1
Croatia,1983,1
Croatia,1982,1
Croatia,1981,1
Croatia,1980,1
Croatia,1979,1
Croatia,1978,0
Croatia,1977,0
Croatia,1976,0
Croatia,1975,0
Croatia,1974,0
Croatia,1973,0
Croatia,1972,0
Croatia,1971,0
Croatia,1970,0
Croatia,1969,0
Croatia,1968,0
Croatia,1967,0
Croatia,1966,0
Croatia,1965,0
Croatia,1964,0
Croatia,1963,0
Croatia,1962,0
Croatia,1961,0
Croatia,1960,0
Croatia,1959,0
Croatia,1958,0
Croatia,1957,0
Croatia,1956,0
Croatia,1955,0
Croatia,1954,0
Croatia,1953,0
Croatia,1952,0
Croatia,1951,0
Croatia,1950,0
Croatia,1949,0
Croatia,1948,0
Croatia,1947,0
Croatia,1945,0
Croatia,1944,0
Croatia,1943,0
Croatia,1942,0
Croatia,1941,0
Croatia,1940,0
Croatia,1939,0
Croatia,1938,0
Croatia,1937,0
Croatia,1936,0
Croatia,1935,0
Croatia,1934,0
Croatia,1932,0
Croatia,1930,0
Croatia,1926,0
Croatia,1925,0
Croatia,1924,0
Croatia,1923,0
Czech Republic,1987,1
Czech Republic,1986,1
Czech Republic,1985,1
Czech Republic,1984,1
Czech Republic,1983,1
Czech Republic,1982,1
Czech Republic,1981,1
Czech Republic,1980,1
Czech Republic,1979,1
Czech Republic,1978,1
Czech Republic,1977,1
Czech Republic,1976,1
Czech Republic,1975,1
Czech Republic,1974,1
Czech Republic,1973,1
Czech Republic,1972,1
Czech Republic,1971,1
Czech Republic,1970,1
Czech Republic,1969,1
Czech Republic,1968,1
Czech Republic,1967,0
Czech Republic,1966,0
Czech Republic,1965,0
Czech Republic,1964,0
Czech Republic,1963,0
Czech Republic,1962,0
Czech Republic,1961,0
Czech Republic,1960,0
Czech Republic,1959,0
Czech Republic,1958,0
Czech Republic,1957,0
Czech Republic,1956,0
Czech Republic,1955,0
Czech Republic,1954,0
Czech Republic,1953,0
Czech Republic,1952,0
Czech Republic,1951,0
Czech Republic,1950,0
Czech Republic,1949,0
Czech Republic,1948,0
Czech Republic,1947,0
Czech Republic,1946,0
Czech Republic,1945,0
Czech Republic,1944,0
Czech Republic,1943,0
Czech Republic,1942,0
Czech Republic,1941,0
Czech Republic,1940,0
Czech Republic,1939,0
Czech Republic,1938,0
Czech Republic,1937,0
Czech Republic,1936,0
Czech Republic,1935,0
Czech Republic,1934,0
Czech Republic,1933,0
Czech Republic,1932,0
Czech Republic,1931,0
Czech Republic,1930,0
Czech Republic,1928,0
Czech Republic,1927,0
Czech Republic,1925,0
Czech Republic,1924,0
Egypt,1987,0
Egypt,1986,0
Egypt,1985,0
Egypt,1984,0
Egypt,1983,0
Egypt,1982,0
Egypt,1981,0
Egypt,1980,0
Egypt,1979,0
Egypt,1978,0
Egypt,1977,0
Egypt,1976,0
Egypt,1975,0
Egypt,1974,0
Egypt,1973,0
Egypt,1972,0
Egypt,1971,0
Egypt,1970,0
Egypt,1969,0
Egypt,1968,0
Egypt,1967,0
Egypt,1966,0
Egypt,1965,0
Egypt,1964,0
Egypt,1963,0
Egypt,1962,0
Egypt,1961,0
Egypt,1960,0
Egypt,1959,0
Egypt,1958,0
Egypt,1957,0
Egypt,1956,0
Egypt,1955,0
Egypt,1954,0
Egypt,1953,0
Egypt,1952,0
Egypt,1951,0
Egypt,1950,0
Egypt,1949,0
Egypt,1948,0
Egypt,1947,0
Estonia,1987,1
Estonia,1986,1
Estonia,1985,1
Estonia,1984,1
Estonia,1983,1
Estonia,1982,1
Estonia,1981,1
Estonia,1980,1
Estonia,1979,1
Estonia,1978,1
Estonia,1977,1
Estonia,1976,1
Estonia,1975,1
Estonia,1974,1
Estonia,1973,1
Estonia,1972,1
Estonia,1971,1
Estonia,1970,1
Estonia,1969,0
Estonia,1968,0
Estonia,1967,0
Estonia,1966,0
Estonia,1965,0
Estonia,1964,0
Estonia,1963,0
Estonia,1962,0
Estonia,1961,0
Estonia,1960,0
Estonia,1959,0
Estonia,1958,0
Estonia,1957,0
Estonia,1956,0
Estonia,1955,0
Estonia,1954,0
Estonia,1953,0
Estonia,1952,0
Estonia,1951,0
Estonia,1950,0
Estonia,1949,0
Estonia,1948,0
Estonia,1947,0
Estonia,1946,0
Estonia,1945,0
Estonia,1944,0
Estonia,1943,0
Estonia,1942,0
Estonia,1941,0
Estonia,1940,0
Estonia,1939,0
Estonia,1938,0
Estonia,1937,0
Estonia,1936,0
Estonia,1935,0
Estonia,1934,0
Estonia,1933,0
Estonia,1932,0
Estonia,1931,0
Estonia,1930,0
Estonia,1929,0
Estonia,1928,0
Estonia,1927,0
Estonia,1926,0
Estonia,1925,0
Estonia,1924,0
Estonia,1923,0
Estonia,1922,0
Estonia,1921,0
Estonia,1919,0
Finland,1987,1
Finland,1986,1
Finland,1985,1
Finland,1984,1
Finland,1983,1
Finland,1982,1
Finland,1981,1
Finland,1980,1
Finland,1979,1
Finland,1978,1
Finland,1977,1
Finland,1976,1
Finland,1975,1
Finland,1974,1
Finland,1973,1
Finland,1972,1
Finland,1971,1
Finland,1970,1
Finland,1969,1
Finland,1968,1
Finland,1967,1
Finland,1966,1
Finland,1965,1
Finland,1964,1
Finland,1963,1
Finland,1962,1
Finland,1961,1
Finland,1960,1
Finland,1959,1
Finland,1958,1
Finland,1957,1
Finland,1956,1
Finland,1955,1
Finland,1954,1
Finland,1953,1
Finland,1952,1
Finland,1951,1
Finland,1950,1
Finland,1949,1
Finland,1948,1
Finland,1947,1
Finland,1946,1
Finland,1945,1
Finland,1944,1
Finland,1943,1
Finland,1942,1
Finland,1941,1
Finland,1940,1
Finland,1939,1
Finland,1938,1
Finland,1937,1
Finland,1936,1
Finland,1935,1
Finland,1934,1
Finland,1933,1
Finland,1932,1
Finland,1931,1
Finland,1930,1
Finland,1929,1
Finland,1928,1
Finland,1927,1
Finland,1926,1
Finland,1922,1
France,1987,1
France,1986,1
France,1985,1
France,1984,1
France,1983,1
France,1982,1
France,1981,1
France,1980,1
France,1979,1
France,1978,1
France,1977,1
France,1976,1
France,1975,1
France,1974,1
France,1973,1
France,1972,1
France,1971,1
France,1970,1
France,1969,1
France,1968,1
France,1967,1
France,1966,1
France,1965,1
France,1964,1
France,1963,1
France,1962,1
France,1961,1
France,1960,1
France,1959,1
France,1958,1
France,1957,1
France,1956,1
France,1955,1
France,1954,1
France,1953,1
France,1952,1
France,1951,1
France,1950,1
France,1949,1
France,1948,1
France,1947,1
France,1946,1
France,1945,1
France,1944,1
France,1943,1
France,1942,1
France,1941,1
France,1940,1
France,1939,1
France,1938,1
France,1937,1
France,1936,1
France,1935,1
France,1934,1
France,1933,1
France,1932,1
France,1931,1
France,1930,1
France,1929,1
France,1928,1
France,1927,1
France,1925,0
France,1921,0
France,1918,1
Georgia,1987,1
Georgia,1986,1
Georgia,1985,1
Georgia,1984,0
Georgia,1983,0
Georgia,1982,0
Georgia,1981,0
Georgia,1980,0
Georgia,1979,0
Georgia,1978,0
Georgia,1977,0
Georgia,1976,0
Georgia,1975,0
Georgia,1974,0
Georgia,1973,0
Georgia,1972,0
Georgia,1971,0
Georgia,1970,0
Georgia,1969,0
Georgia,1968,0
Georgia,1967,0
Georgia,1966,0
Georgia,1965,0
Georgia,1964,0
Georgia,1963,0
Georgia,1962,0
Georgia,1961,0
Georgia,1960,0
Georgia,1959,0
Georgia,1958,0
Georgia,1957,0
Georgia,1956,0
Georgia,1955,0
Georgia,1954,0
Georgia,1953,0
Georgia,1952,0
Georgia,1951,0
Georgia,1950,0
Georgia,1949,0
Georgia,1948,0
Georgia,1947,0
Georgia,1946,0
Georgia,1945,0
Georgia,1944,0
Georgia,1943,0
Georgia,1942,0
Georgia,1941,0
Georgia,1940,0
Georgia,1939,0
Georgia,1938,0
Georgia,1937,0
Georgia,1936,0
Georgia,1935,0
Georgia,1934,0
Georgia,1933,0
Georgia,1932,0
Georgia,1931,0
Georgia,1930,0
Georgia,1929,0
Georgia,1928,0
Georgia,1926,0
Georgia,1925,0
Germany,1987,1
Germany,1986,1
Germany,1985,1
Germany,1984,1
Germany,1983,1
Germany,1982,1
Germany,1981,1
Germany,1980,1
Germany,1979,1
Germany,1978,1
Germany,1977,1
Germany,1976,1
Germany,1975,1
Germany,1974,1
Germany,1973,1
Germany,1972,1
Germany,1971,1
Germany,1970,1
Germany,1969,1
Germany,1968,0
Germany,1967,0
Germany,1966,0
Germany,1965,0
Germany,1964,0
Germany,1963,0
Germany,1962,0
Germany,1961,0
Germany,1960,0
Germany,1959,0
Germany,1958,0
Germany,1957,0
Germany,1956,0
Germany,1955,0
Germany,1954,0
Germany,1953,0
Germany,1952,0
Germany,1951,0
Germany,1950,0
Germany,1949,0
Germany,1948,0
Germany,1947,0
Germany,1946,0
Germany,1945,0
Germany,1944,0
Germany,1943,0
Germany,1942,0
Germany,1941,0
Germany,1940,0
Germany,1939,0
Germany,1938,0
Germany,1937,0
Germany,1936,0
Germany,1935,0
Germany,1934,0
Germany,1933,0
Germany,1932,0
Germany,1931,0
Germany,1930,0
Germany,1929,0
Germany,1928,0
Germany,1927,0
Germany,1926,0
Germany,1925,0
Germany,1924,0
Germany,1920,0
Ghana,1987,1
Ghana,1986,1
Ghana,1985,1
Ghana,1984,1
Ghana,1983,1
Ghana,1982,1
Ghana,1981,1
Ghana,1980,1
Ghana,1979,1
Ghana,1978,1
Ghana,1977,1
Ghana,1976,1
Ghana,1975,1
Ghana,1974,0
Ghana,1973,0
Ghana,1972,0
Ghana,1971,0
Ghana,1970,0
Ghana,1969,0
Ghana,1968,0
Ghana,1967,0
Ghana,1966,0
Ghana,1965,0
Ghana,1964,0
Ghana,1963,0
Ghana,1962,0
Ghana,1961,0
Ghana,1960,0
Ghana,1959,0
Ghana,1958,0
Ghana,1957,0
Ghana,1956,0
Ghana,1955,0
Ghana,1954,0
Ghana,1953,0
Ghana,1952,0
Ghana,1951,0
Ghana,1950,0
Ghana,1949,0
Ghana,1948,0
Ghana,1947,0
Ghana,1946,0
Ghana,1945,0
Ghana,1944,0
Ghana,1943,0
Ghana,1942,0
Ghana,1941,0
Ghana,1940,0
Ghana,1939,0
Ghana,1938,0
Ghana,1937,0
Ghana,1936,0
Ghana,1935,0
Ghana,1934,0
Ghana,1932,0
Ghana,1930,0
Greece,1987,1
Greece,1986,1
Greece,1985,1
Greece,1984,1
Greece,1983,1
Greece,1982,1
Greece,1981,1
Greece,1980,1
Greece,1979,1
Greece,1978,1
Greece,1977,1
Greece,1976,1
Greece,1975,1
Greece,1974,1
Greece,1973,1
Greece,1972,1
Greece,1971,1
Greece,1970,1
Greece,1969,1
Greece,1968,1
Greece,1967,1
Greece,1966,1
Greece,1965,1
Greece,1964,1
Greece,1963,1
Greece,1962,1
Greece,1961,1
Greece,1960,1
Greece,1959,1
Greece,1958,1
Greece,1957,1
Greece,1956,1
Greece,1955,1
Greece,1954,1
Greece,1953,0
Greece,1952,0
Greece,1951,0
Greece,1950,0
Greece,1949,0
Greece,1948,0
Greece,1947,0
Greece,1946,0
Greece,1945,0
Greece,1944,0
Greece,1943,0
Greece,1942,0
Greece,1941,0
Greece,1940,0
Greece,1939,0
Greece,1938,0
Greece,1937,0
Greece,1936,0
Greece,1935,0
Greece,1934,0
Greece,1933,0
Greece,1932,0
Greece,1931,0
Greece,1930,0
Greece,1929,0
Greece,1928,0
Greece,1927,0
Greece,1926,0
Greece,1924,0
Greece,1923,0
Greece,1922,0
Guatemala,1987,1
Guatemala,1986,1
Guatemala,1985,1
Guatemala,1984,1
Guatemala,1983,1
Guatemala,1982,1
Guatemala,1981,1
Guatemala,1980,1
Guatemala,1979,1
Guatemala,1978,0
Guatemala,1977,0
Guatemala,1976,0
Guatemala,1975,0
Guatemala,1974,0
Guatemala,1973,0
Guatemala,1972,0
Guatemala,1971,0
Guatemala,1970,0
Guatemala,1969,0
Guatemala,1968,0
Guatemala,1967,0
Guatemala,1966,0
Guatemala,1965,0
Guatemala,1964,0
Guatemala,1963,0
Guatemala,1962,0
Guatemala,1961,0
Guatemala,1960,0
Guatemala,1959,0
Guatemala,1958,0
Guatemala,1957,0
Guatemala,1956,0
Guatemala,1955,0
Guatemala,1954,0
Guatemala,1953,0
Guatemala,1952,0
Guatemala,1951,0
Guatemala,1950,0
Guatemala,1949,0
Guatemala,1948,0
Guatemala,1947,0
Guatemala,1946,0
Guatemala,1945,0
Guatemala,1944,0
Guatemala,1943,0
Guatemala,1942,0
Guatemala,1941,0
Guatemala,1940,0
Guatemala,1939,0
Guatemala,1938,0
Guatemala,1937,0
Guatemala,1935,0
Guatemala,1934,0
Guatemala,1932,0
Guatemala,1930,0
Guatemala,1929,0
Guatemala,1927,0
Guatemala,1923,0
Guatemala,1922,0
Haiti,1987,0
Haiti,1986,0
Haiti,1985,0
Haiti,1984,0
Haiti,1983,0
Haiti,1982,0
Haiti,1981,0
Haiti,1980,0
Haiti,1979,0
Haiti,1978,0
Haiti,1977,0
Haiti,1976,0
Haiti,1975,0
Haiti,1974,0
Haiti,1973,0
Haiti,1972,0
Haiti,1971,0
Haiti,1970,0
Haiti,1969,0
Haiti,1968,0
Haiti,1967,0
Haiti,1966,0
Haiti,1965,0
Haiti,1964,0
Haiti,1963,0
Haiti,1962,0
Haiti,1961,0
Haiti,1960,0
Haiti,1959,0
Haiti,1958,0
Haiti,1957,0
Haiti,1956,0
Haiti,1955,0
Haiti,1954,0
Haiti,1953,0
Haiti,1952,0
Haiti,1951,0
Haiti,1950,0
Haiti,1949,0
Haiti,1948,0
Haiti,1947,0
Haiti,1946,0
Haiti,1945,0
Haiti,1944,0
Haiti,1943,0
Haiti,1942,0
Haiti,1941,0
Haiti,1940,0
Haiti,1938,0
Haiti,1937,0
Haiti,1936,0
Haiti,1933,0
Haiti,1932,0
Haiti,1931,0
Haiti,1928,0
Haiti,1922,0
Haiti,1920,0
Haiti,1917,0
Haiti,1915,0
Haiti,1914,0
Hungary,1987,1
Hungary,1986,1
Hungary,1985,1
Hungary,1984,1
Hungary,1983,1
Hungary,1982,1
Hungary,1981,1
Hungary,1980,1
Hungary,1979,1
Hungary,1978,1
Hungary,1977,1
Hungary,1976,1
Hungary,1975,1
Hungary,1974,1
Hungary,1973,1
Hungary,1972,1
Hungary,1971,1
Hungary,1970,1
Hungary,1969,1
Hungary,1968,0
Hungary,1967,0
Hungary,1966,0
Hungary,1965,0
Hungary,1964,0
Hungary,1963,0
Hungary,1962,0
Hungary,1961,0
Hungary,1960,0
Hungary,1959,0
Hungary,1958,0
Hungary,1957,0
Hungary,1956,0
Hungary,1955,0
Hungary,1954,0
Hungary,1953,0
Hungary,1952,0
Hungary,1951,0
Hungary,1950,0
Hungary,1949,0
Hungary,1948,0
Hungary,1947,0
Hungary,1946,0
Hungary,1945,0
Hungary,1944,0
Hungary,1943,0
Hungary,1942,0
Hungary,1941,0
Hungary,1940,0
Hungary,1939,0
Hungary,1938,0
Hungary,1937,0
Hungary,1936,0
Hungary,1935,0
Hungary,1934,0
Hungary,1933,0
Hungary,1932,0
Hungary,1931,0
Hungary,1930,0
Hungary,1929,0
Hungary,1928,0
Hungary,1927,0
Hungary,1926,0
Hungary,1924,0
Hungary,1923,0
Hungary,1922,0
Hungary,1921,0
Hungary,1920,0
Hungary,1919,0
Hungary,1917,0
Hungary,1914,0
India,1987,1
India,1986,1
India,1985,1
India,1984,1
India,1983,1
India,1982,1
India,1981,1
India,1980,1
India,1979,1
India,1978,1
India,1977,1
India,1976,1
India,1975,1
India,1974,1
India,1973,1
India,1972,1
India,1971,1
India,1970,1
India,1969,1
India,1968,1
India,1967,1
India,1966,1
India,1965,1
India,1964,1
India,1963,1
India,1962,1
India,1961,1
India,1960,1
India,1959,1
India,1958,1
India,1957,1
India,1956,1
India,1955,1
India,1954,1
India,1953,1
India,1952,1
India,1951,1
India,1950,1
India,1949,1
India,1948,1
India,1947,1
India,1946,1
India,1945,1
India,1944,1
India,1943,1
India,1942,1
India,1940,1
India,1939,1
India,1938,1
India,1937,1
India,1936,1
India,1935,1
India,1934,1
India,1932,1
India,1927,0
India,1922,0
India,1917,0
Indonesia,1987,1
Indonesia,1986,1
Indonesia,1985,1
Indonesia,1984,1
Indonesia,1983,1
Indonesia,1982,1
Indonesia,1981,1
Indonesia,1980,1
Indonesia,1979,1
Indonesia,1978,1
Indonesia,1977,0
Indonesia,1976,0
Indonesia,1975,0
Indonesia,1974,0
Indonesia,1973,0
Indonesia,1972,0
Indonesia,1971,0
Indonesia,1970,0
Indonesia,1969,0
Indonesia,1968,0
Indonesia,1967,0
Indonesia,1966,0
Indonesia,1965,0
Indonesia,1964,0
Indonesia,1963,0
Indonesia,1962,0
Indonesia,1961,0
Indonesia,1960,0
Indonesia,1959,0
Indonesia,1958,0
Indonesia,1957,0
Indonesia,1956,0
Indonesia,1955,0
Indonesia,1954,0
Indonesia,1953,0
Indonesia,1952,0
Indonesia,1951,0
Indonesia,1950,0
Indonesia,1949,0
Indonesia,1948,0
Indonesia,1947,0
Indonesia,1945,0
Indonesia,1944,0
Indonesia,1943,0
Indonesia,1942,0
Indonesia,1940,0
Indonesia,1939,0
Indonesia,1938,0
Indonesia,1936,0
Indonesia,1935,0
Indonesia,1932,0
Indonesia,1929,0
Indonesia,1928,0
Iran,1987,0
Iran,1986,0
Iran,1985,0
Iran,1984,0
Iran,1983,0
Iran,1982,0
Iran,1981,0
Iran,1980,0
Iran,1979,0
Iran,1978,0
Iran,1977,0
Iran,1976,0
Iran,1975,0
Iran,1974,0
Iran,1973,0
Iran,1972,0
Iran,1971,0
Iran,1970,0
Iran,1969,0
Iran,1968,0
Iran,1967,0
Iran,1966,0
Iran,1965,0
Iran,1964,0
Iran,1963,0
Iran,1962,0
Iran,1961,0
Iran,1960,0
Iran,1959,0
Iran,1958,0
Iran,1957,0
Iran,1956,0
Iran,1955,0
Iran,1954,0
Iran,1953,0
Iran,1952,0
Iran,1951,0
Iran,1950,0
Iran,1949,0
Iran,1948,0
Iran,1947,0
Iran,1946,0
Iran,1945,0
Iran,1944,0
Iran,1943,0
Iran,1942,0
Iran,1941,0
Iran,1940,0
Iran,1939,0
Iran,1938,0
Iran,1937,0
Iran,1936,0
Iran,1935,0
Iran,1933,0
Iran,1932,0
Iran,1927,0
Iraq,1987,0
Iraq,1986,0
Iraq,1985,0
Iraq,1984,0
Iraq,1983,0
Iraq,1982,0
Iraq,1981,0
Iraq,1980,0
Iraq,1979,0
Iraq,1978,0
Iraq,1977,0
Iraq,1976,0
Iraq,1975,0
Iraq,1974,0
Iraq,1973,0
Iraq,1972,0
Iraq,1971,0
Iraq,1970,0
Iraq,1969,0
Iraq,1968,0
Iraq,1967,0
Iraq,1966,0
Iraq,1965,0
Iraq,1964,0
Iraq,1963,0
Iraq,1962,0
Iraq,1961,0
Iraq,1960,0
Iraq,1959,0
Iraq,1958,0
Iraq,1957,0
Iraq,1956,0
Iraq,1955,0
Iraq,1954,0
Iraq,1953,0
Iraq,1952,0
Iraq,1951,0
Iraq,1950,0
Iraq,1949,0
Iraq,1948,0
Iraq,1947,0
Iraq,1945,0
Iraq,1943,0
Iraq,1942,0
Iraq,1941,0
Iraq,1940,0
Iraq,1939,0
Iraq,1937,0
Iraq,1936,0
Iraq,1932,0
Iraq,1927,0
Israel,1987,1
Israel,1986,1
Israel,1985,1
Israel,1984,1
Israel,1983,1
Israel,1982,1
Israel,1981,1
Israel,1980,1
Israel,1979,1
Israel,1978,1
Israel,1977,1
Israel,1976,1
Israel,1975,1
Israel,1974,1
Israel,1973,1
Israel,1972,1
Israel,1971,1
Israel,1970,1
Israel,1969,1
Israel,1968,1
Israel,1967,1
Israel,1966,1
Israel,1965,1
Israel,1964,1
Israel,1963,1
Israel,1962,1
Israel,1961,1
Israel,1960,1
Israel,1959,1
Israel,1958,1
Israel,1957,1
Israel,1956,1
Israel,1955,1
Israel,1954,1
Israel,1953,1
Israel,1952,1
Israel,1951,1
Israel,1950,1
Israel,1949,1
Israel,1948,1
Israel,1947,1
Israel,1946,1
Israel,1945,1
Israel,1944,1
Israel,1943,1
Israel,1942,1
Israel,1941,1
Israel,1940,1
Israel,1939,1
Israel,1938,1
Israel,1937,1
Israel,1936,1
Israel,1935,1
Israel,1934,1
Israel,1932,1
Israel,1931,1
Israel,1930,1
Israel,1929,1
Israel,1928,1
Israel,1927,1
Italy,1987,1
Italy,1986,1
Italy,1985,1
Italy,1984,1
Italy,1983,1
Italy,1982,1
Italy,1981,1
Italy,1980,1
Italy,1979,1
Italy,1978,1
Italy,1977,1
Italy,1976,1
Italy,1975,1
Italy,1974,1
Italy,1973,1
Italy,1972,1
Italy,1971,1
Italy,1970,1
Italy,1969,1
Italy,1968,1
Italy,1967,1
Italy,1966,1
Italy,1965,1
Italy,1964,1
Italy,1963,1
Italy,1962,1
Italy,1961,1
Italy,1960,1
Italy,1959,1
Italy,1958,1
Italy,1957,1
Italy,1956,1
Italy,1955,1
Italy,1954,1
Italy,1953,1
Italy,1952,1
Italy,1951,1
Italy,1950,1
Italy,1949,1
Italy,1948,1
Italy,1947,1
Italy,1946,1
Italy,1945,1
Italy,1944,1
Italy,1943,1
Italy,1942,1
Italy,1941,1
Italy,1940,1
Italy,1939,1
Italy,1938,1
Italy,1937,1
Italy,1936,1
Italy,1935,1
Italy,1934,1
Italy,1933,1
Italy,1932,1
Italy,1931,1
Italy,1930,1
Italy,1929,1
Italy,1928,1
Italy,1927,1
Italy,1926,1
Italy,1925,0
Italy,1922,0
Italy,1918,0
Japan,1987,1
Japan,1986,1
Japan,1985,1
Japan,1984,1
Japan,1983,1
Japan,1982,1
Japan,1981,1
Japan,1980,1
Japan,1979,1
Japan,1978,1
Japan,1977,1
Japan,1976,1
Japan,1975,1
Japan,1974,1
Japan,1973,1
Japan,1972,1
Japan,1971,1
Japan,1970,1
Japan,1969,1
Japan,1968,1
Japan,1967,1
Japan,1966,1
Japan,1965,1
Japan,1964,1
Japan,1963,1
Japan,1962,1
Japan,1961,1
Japan,1960,1
Japan,1959,1
Japan,1958,1
Japan,1957,1
Japan,1956,1
Japan,1955,1
Japan,1954,1
Japan,1953,1
Japan,1952,1
Japan,1951,1
Japan,1950,1
Japan,1949,1
Japan,1948,1
Japan,1947,1
Japan,1946,1
Japan,1945,1
Japan,1944,1
Japan,1943,1
Japan,1942,1
Japan,1941,1
Japan,1940,1
Japan,1939,1
Japan,1938,1
Japan,1937,1
Japan,1936,1
Japan,1935,1
Japan,1934,1
Japan,1933,1
Japan,1932,1
Japan,1931,1
Japan,1930,0
Japan,1929,0
Japan,1928,0
Japan,1927,0
Japan,1926,0
Japan,1925,0
Japan,1924,0
Japan,1923,0
Japan,1922,0
Japan,1920,0
Japan,1918,0
Jordan,1987,0
Jordan,1986,0
Jordan,1985,0
Jordan,1984,0
Jordan,1983,0
Jordan,1982,0
Jordan,1981,0
Jordan,1980,0
Jordan,1979,0
Jordan,1978,0
Jordan,1977,0
Jordan,1976,0
Jordan,1975,0
Jordan,1974,0
Jordan,1973,0
Jordan,1972,0
Jordan,1971,0
Jordan,1970,0
Jordan,1969,0
Jordan,1968,0
Jordan,1967,0
Jordan,1966,0
Jordan,1965,0
Jordan,1964,0
Jordan,1963,0
Jordan,1962,0
Jordan,1961,0
Jordan,1960,0
Jordan,1959,0
Jordan,1958,0
Jordan,1957,0
Jordan,1956,0
Jordan,1955,0
Jordan,1954,0
Jordan,1952,0
Jordan,1951,0
Jordan,1950,0
Jordan,1949,0
Jordan,1948,0
Jordan,1947,0
Jordan,1946,0
Jordan,1945,0
Jordan,1944,0
Jordan,1943,0
Jordan,1942,0
Jordan,1941,0
Jordan,1940,0
Jordan,1939,0
Jordan,1937,0
Jordan,1933,0
Jordan,1932,0
Jordan,1931,0
Jordan,1930,0
Jordan,1929,0
Jordan,1926,0
Kazakhstan,1987,0
Kazakhstan,1986,0
Kazakhstan,1985,0
Kazakhstan,1984,0
Kazakhstan,1983,0
Kazakhstan,1982,0
Kazakhstan,1981,0
Kazakhstan,1980,0
Kazakhstan,1979,0
Kazakhstan,1978,0
Kazakhstan,1977,0
Kazakhstan,1976,0
Kazakhstan,1975,0
Kazakhstan,1974,0
Kazakhstan,1973,0
Kazakhstan,1972,0
Kazakhstan,1971,0
Kazakhstan,1970,0
Kazakhstan,1969,0
Kazakhstan,1968,0
Kazakhstan,1967,0
Kazakhstan,1966,0
Kazakhstan,1965,0
Kazakhstan,1964,0
Kazakhstan,1963,0
Kazakhstan,1962,0
Kazakhstan,1961,0
Kazakhstan,1960,0
Kazakhstan,1959,0
Kazakhstan,1958,0
Kazakhstan,1957,0
Kazakhstan,1956,0
Kazakhstan,1955,0
Kazakhstan,1954,0
Kazakhstan,1953,0
Kazakhstan,1952,0
Kazakhstan,1951,0
Kazakhstan,1950,0
Kazakhstan,1949,0
Kazakhstan,1948,0
Kazakhstan,1947,0
Kazakhstan,1946,0
Kazakhstan,1945,0
Kazakhstan,1944,0
Kazakhstan,1943,0
Kazakhstan,1942,0
Kazakhstan,1941,0
Kazakhstan,1940,0
Kazakhstan,1939,0
Kazakhstan,1938,0
Kazakhstan,1937,0
Kazakhstan,1936,0
Kazakhstan,1935,0
Kazakhstan,1934,0
Kazakhstan,1933,0
Kazakhstan,1932,0
Kazakhstan,1931,0
Kazakhstan,1930,0
Kazakhstan,1929,0
Kazakhstan,1928,0
Kazakhstan,1927,0
Kazakhstan,1923,0
Kenya,1987,0
Kenya,1986,0
Kenya,1985,1
Kenya,1984,0
Kenya,1983,0
Kenya,1982,0
Kenya,1981,0
Kenya,1980,0
Kenya,1979,0
Kenya,1978,0
Kenya,1977,0
Kenya,1976,0
Kenya,1975,0
Kenya,1974,0
Kenya,1973,0
Kenya,1972,0
Kenya,1971,0
Kenya,1970,0
Kenya,1969,0
Kenya,1968,0
Kenya,1967,0
Kenya,1966,0
Kenya,1965,0
Kenya,1964,0
Kenya,1963,0
Kenya,1962,0
Kenya,1961,0
Kenya,1960,0
Kenya,1959,0
Kenya,1958,0
Kenya,1957,0
Kenya,1956,0
Kenya,1955,0
Kenya,1954,0
Kenya,1953,0
Kenya,1952,0
Kenya,1951,0
Kenya,1950,0
Kenya,1949,0
Kenya,1948,0
Kenya,1947,0
Kenya,1945,0
Kenya,1944,0
Kenya,1943,0
Kenya,1942,0
Kenya,1941,0
Kenya,1940,0
Kenya,1939,0
Kenya,1938,0
Kenya,1936,0
Kenya,1933,0
Kenya,1930,0
Kenya,1929,0
Lithuania,1987,1
Lithuania,1986,1
Lithuania,1985,1
Lithuania,1984,1
Lithuania,1983,1
Lithuania,1982,1
Lithuania,1981,1
Lithuania,1980,1
Lithuania,1979,1
Lithuania,1978,1
Lithuania,1977,1
Lithuania,1976,1
Lithuania,1975,1
Lithuania,1974,1
Lithuania,1973,1
Lithuania,1972,1
Lithuania,1971,1
Lithuania,1970,1
Lithuania,1969,1
Lithuania,1968,0
Lithuania,1967,0
Lithuania,1966,0
Lithuania,1965,0
Lithuania,1964,0
Lithuania,1963,0
Lithuania,1962,0
Lithuania,1961,0
Lithuania,1960,0
Lithuania,1959,0
Lithuania,1958,0
Lithuania,1957,0
Lithuania,1956,0
Lithuania,1955,0
Lithuania,1954,0
Lithuania,1953,0
Lithuania,1952,0
Lithuania,1951,0
Lithuania,1950,0
Lithuania,1949,0
Lithuania,1948,0
Lithuania,1947,0
Lithuania,1946,0
Lithuania,1945,0
Lithuania,1944,0
Lithuania,1943,0
Lithuania,1942,0
Lithuania,1941,0
Lithuania,1940,0
Lithuania,1939,0
Lithuania,1938,0
Lithuania,1937,0
Lithuania,1936,0
Lithuania,1935,0
Lithuania,1934,0
Lithuania,1933,0
Lithuania,1932,0
Lithuania,1931,0
Lithuania,1930,0
Lithuania,1929,0
Lithuania,1928,0
Lithuania,1927,0
Lithuania,1925,0
Lithuania,1922,0
Lithuania,1918,0
Malawi,1987,0
Malawi,1986,0
Malawi,1985,0
Malawi,1984,0
Malawi,1983,0
Malawi,1982,0
Malawi,1981,0
Malawi,1980,0
Malawi,1979,0
Malawi,1978,1
Malawi,1977,1
Malawi,1976,1
Malawi,1975,1
Malawi,1974,1
Malawi,1973,0
Malawi,1972,0
Malawi,1971,0
Malawi,1970,0
Malawi,1969,0
Malawi,1968,0
Malawi,1967,0
Malawi,1966,0
Malawi,1965,0
Malawi,1964,0
Malawi,1963,0
Malawi,1962,0
Malawi,1961,0
Malawi,1960,0
Malawi,1959,0
Malawi,1958,0
Malawi,1957,0
Malawi,1956,0
Malawi,1955,0
Malawi,1954,0
Malawi,1953,0
Malawi,1952,0
Malawi,1950,0
Malawi,1949,0
Malawi,1948,0
Malawi,1947,0
Malawi,1946,0
Malawi,1945,0
Malawi,1944,0
Malawi,1943,0
Malawi,1942,0
Malawi,1941,0
Malawi,1940,0
Malawi,1939,0
Malawi,1937,0
Malawi,1936,0
Malawi,1934,0
Malawi,1933,0
Malawi,1932,0
Malawi,1930,0
Malawi,1929,0
Malawi,1928,0
Malawi,1927,0
Mexico,1987,1
Mexico,1986,1
Mexico,1985,1
Mexico,1984,1
Mexico,1983,1
Mexico,1982,1
Mexico,1981,1
Mexico,1980,1
Mexico,1979,1
Mexico,1978,1
Mexico,1977,1
Mexico,1976,1
Mexico,1975,1
Mexico,1974,0
Mexico,1973,0
Mexico,1972,0
Mexico,1971,0
Mexico,1970,0
Mexico,1969,0
Mexico,1968,0
Mexico,1967,0
Mexico,1966,0
Mexico,1965,0
Mexico,1964,0
Mexico,1963,0
Mexico,1962,0
Mexico,1961,0
Mexico,1960,0
Mexico,1959,0
Mexico,1958,0
Mexico,1957,0
Mexico,1956,0
Mexico,1955,0
Mexico,1954,0
Mexico,1953,0
Mexico,1952,0
Mexico,1951,0
Mexico,1950,0
Mexico,1949,0
Mexico,1948,0
Mexico,1947,0
Mexico,1946,0
Mexico,1945,0
Mexico,1944,0
Mexico,1943,0
Mexico,1942,0
Mexico,1941,0
Mexico,1940,0
Mexico,1939,0
Mexico,1938,0
Mexico,1937,0
Mexico,1936,0
Mexico,1935,0
Mexico,1934,0
Mexico,1931,0
Mexico,1930,0
Mexico,1929,0
Mexico,1928,0
Mexico,1927,0
Mexico,1926,0
Mexico,1914,0
Moldova,1987,0
Moldova,1986,0
Moldova,1985,0
Moldova,1984,0
Moldova,1983,1
Moldova,1982,1
Moldova,1981,1
Moldova,1980,1
Moldova,1979,1
Moldova,1978,1
Moldova,1977,1
Moldova,1976,1
Moldova,1975,1
Moldova,1974,1
Moldova,1973,1
Moldova,1972,1
Moldova,1971,1
Moldova,1970,0
Moldova,1969,0
Moldova,1968,0
Moldova,1967,0
Moldova,1966,0
Moldova,1965,0
Moldova,1964,0
Moldova,1963,0
Moldova,1962,0
Moldova,1961,0
Moldova,1960,0
Moldova,1959,0
Moldova,1958,0
Moldova,1957,0
Moldova,1956,0
Moldova,1955,0
Moldova,1954,0
Moldova,1953,0
Moldova,1952,0
Moldova,1951,0
Moldova,1950,0
Moldova,1949,0
Moldova,1948,0
Moldova,1947,0
Moldova,1946,0
Moldova,1945,0
Moldova,1944,0
Moldova,1943,0
Moldova,1942,0
Moldova,1941,0
Moldova,1940,0
Moldova,1939,0
Moldova,1938,0
Moldova,1937,0
Moldova,1936,0
Moldova,1935,0
Moldova,1934,0
Moldova,1933,0
Moldova,1932,0
Moldova,1931,0
Moldova,1930,0
Moldova,1929,0
Moldova,1928,0
Moldova,1924,0
Moldova,1923,0
Moldova,1921,0
Morocco,1987,0
Morocco,1986,0
Morocco,1985,0
Morocco,1984,0
Morocco,1983,0
Morocco,1982,0
Morocco,1981,0
Morocco,1980,0
Morocco,1979,0
Morocco,1978,0
Morocco,1977,0
Morocco,1976,0
Morocco,1975,0
Morocco,1974,0
Morocco,1973,0
Morocco,1972,0
Morocco,1971,0
Morocco,1970,0
Morocco,1969,0
Morocco,1968,0
Morocco,1967,0
Morocco,1966,0
Morocco,1965,0
Morocco,1964,0
Morocco,1963,0
Morocco,1962,0
Morocco,1961,0
Morocco,1960,0
Morocco,1959,0
Morocco,1958,0
Morocco,1957,0
Morocco,1956,0
Morocco,1955,0
Morocco,1954,0
Morocco,1953,0
Morocco,1952,0
Morocco,1951,0
Morocco,1950,0
Morocco,1949,0
Morocco,1948,0
Morocco,1947,0
Morocco,1946,0
Morocco,1945,0
Morocco,1944,0
Morocco,1943,0
Morocco,1942,0
Morocco,1940,0
Morocco,1939,0
Morocco,1938,0
Morocco,1937,0
Morocco,1936,0
Morocco,1935,0
Morocco,1932,0
Morocco,1931,0
Morocco,1928,0
Morocco,1927,0
Morocco,1926,0
Netherlands,1987,1
Netherlands,1986,1
Netherlands,1985,1
Netherlands,1984,1
Netherlands,1983,1
Netherlands,1982,1
Netherlands,1981,1
Netherlands,1980,1
Netherlands,1979,1
Netherlands,1978,1
Netherlands,1977,1
Netherlands,1976,1
Netherlands,1975,1
Netherlands,1974,1
Netherlands,1973,1
Netherlands,1972,1
Netherlands,1971,1
Netherlands,1970,1
Netherlands,1969,1
Netherlands,1968,1
Netherlands,1967,1
Netherlands,1966,1
Netherlands,1965,1
Netherlands,1964,1
Netherlands,1963,1
Netherlands,1962,1
Netherlands,1961,1
Netherlands,1960,1
Netherlands,1959,1
Netherlands,1958,1
Netherlands,1957,1
Netherlands,1956,1
Netherlands,1955,1
Netherlands,1954,1
Netherlands,1953,1
Netherlands,1952,1
Netherlands,1951,1
Netherlands,1950,1
Netherlands,1949,1
Netherlands,1948,1
Netherlands,1947,1
Netherlands,1946,1
Netherlands,1945,1
Netherlands,1944,1
Netherlands,1943,1
Netherlands,1942,1
Netherlands,1940,1
Netherlands,1939,1
Netherlands,1938,1
Netherlands,1937,1
Netherlands,1936,1
Netherlands,1935,1
Netherlands,1934,1
Netherlands,1933,1
Netherlands,1931,1
Netherlands,1930,1
Netherlands,1928,1
Netherlands,1924,0
Netherlands,1923,0
Netherlands,1922,0
Netherlands,1921,0
Nicaragua,1987,0
Nicaragua,1986,0
Nicaragua,1985,1
Nicaragua,1984,1
Nicaragua,1983,1
Nicaragua,1982,1
Nicaragua,1981,1
Nicaragua,1980,1
Nicaragua,1979,1
Nicaragua,1978,1
Nicaragua,1977,1
Nicaragua,1976,1
Nicaragua,1975,1
Nicaragua,1974,1
Nicaragua,1973,1
Nicaragua,1972,1
Nicaragua,1971,1
Nicaragua,1970,1
Nicaragua,1969,1
Nicaragua,1968,0
Nicaragua,1967,0
Nicaragua,1966,0
Nicaragua,1965,0
Nicaragua,1964,0
Nicaragua,1963,0
Nicaragua,1962,0
Nicaragua,1961,0
Nicaragua,1960,0
Nicaragua,1959,0
Nicaragua,1958,0
Nicaragua,1957,0
Nicaragua,1956,0
Nicaragua,1955,0
Nicaragua,1954,0
Nicaragua,1953,0
Nicaragua,1952,0
Nicaragua,1951,0
Nicaragua,1950,0
Nicaragua,1949,0
Nicaragua,1948,0
Nicaragua,1947,0
Nicaragua,1946,0
Nicaragua,1945,0
Nicaragua,1944,0
Nicaragua,1943,0
Nicaragua,1942,0
Nicaragua,1941,0
Nicaragua,1940,0
Nicaragua,1939,0
Nicaragua,1938,0
Nicaragua,1937,0
Nicaragua,1936,0
Nicaragua,1935,0
Nicaragua,1934,0
Nicaragua,1932,0
Nicaragua,1929,0
Nicaragua,1926,0
Nigeria,1987,0
Nigeria,1986,0
Nigeria,1985,0
Nigeria,1984,0
Nigeria,1983,0
Nigeria,1982,0
Nigeria,1981,0
Nigeria,1980,0
Nigeria,1979,0
Nigeria,1978,0
Nigeria,1977,0
Nigeria,1976,0
Nigeria,1975,0
Nigeria,1974,0
Nigeria,1973,0
Nigeria,1972,0
Nigeria,1971,0
Nigeria,1970,0
Nigeria,1969,0
Nigeria,1968,0
Nigeria,1967,0
Nigeria,1966,0
Nigeria,1965,0
Nigeria,1964,0
Nigeria,1963,0
Nigeria,1962,0
Nigeria,1961,0
Nigeria,1960,0
Nigeria,1959,0
Nigeria,1958,0
Nigeria,1957,0
Nigeria,1956,0
Nigeria,1955,0
Nigeria,1954,0
Nigeria,1953,0
Nigeria,1952,0
Nigeria,1951,0
Nigeria,1950,0
Nigeria,1949,0
Nigeria,1948,0
Nigeria,1947,0
Nigeria,1944,0
Nigeria,1942,0
Nigeria,1940,0
Nigeria,1939,0
Nigeria,1937,0
Nigeria,1936,0
Nigeria,1935,0
Nigeria,1934,0
Pakistan,1987,0
Pakistan,1986,0
Pakistan,1985,0
Pakistan,1984,0
Pakistan,1983,0
Pakistan,1982,0
Pakistan,1981,0
Pakistan,1980,0
Pakistan,1979,0
Pakistan,1978,0
Pakistan,1977,0
Pakistan,1976,0
Pakistan,1975,0
Pakistan,1974,0
Pakistan,1973,0
Pakistan,1972,0
Pakistan,1970,0
Pakistan,1969,0
Pakistan,1968,0
Pakistan,1967,0
Pakistan,1966,0
Pakistan,1965,0
Pakistan,1964,0
Pakistan,1963,0
Pakistan,1962,0
Pakistan,1960,0
Pakistan,1959,0
Pakistan,1958,0
Pakistan,1957,0
Pakistan,1956,0
Pakistan,1954,0
Pakistan,1953,0
Pakistan,1952,0
Pakistan,1951,0
Pakistan,1950,0
Pakistan,1949,0
Pakistan,1948,0
Pakistan,1947,0
Pakistan,1946,0
Pakistan,1942,0
Pakistan,1941,0
Pakistan,1940,0
Pakistan,1938,0
Pakistan,1937,0
Pakistan,1934,0
Pakistan,1932,0
Peru,1987,1
Peru,1986,1
Peru,1985,1
Peru,1984,1
Peru,1983,1
Peru,1982,1
Peru,1981,1
Peru,1980,1
Peru,1979,0
Peru,1978,0
Peru,1977,0
Peru,1976,0
Peru,1975,0
Peru,1974,0
Peru,1973,0
Peru,1972,0
Peru,1971,0
Peru,1970,1
Peru,1969,1
Peru,1968,1
Peru,1967,1
Peru,1966,1
Peru,1965,1
Peru,1964,1
Peru,1963,1
Peru,1962,1
Peru,1961,1
Peru,1960,1
Peru,1959,0
Peru,1958,0
Peru,1957,0
Peru,1956,0
Peru,1955,0
Peru,1954,0
Peru,1953,0
Peru,1952,0
Peru,1951,0
Peru,1950,0
Peru,1949,0
Peru,1948,0
Peru,1947,0
Peru,1946,0
Peru,1945,0
Peru,1944,0
Peru,1943,0
Peru,1942,0
Peru,1941,0
Peru,1940,0
Peru,1939,0
Peru,1938,0
Peru,1937,0
Peru,1936,0
Peru,1935,0
Peru,1934,0
Peru,1932,0
Peru,1931,0
Peru,1930,0
Peru,1928,0
Peru,1927,0
Peru,1926,0
Peru,1925,0
Peru,1922,0
Philippines,1987,0
Philippines,1986,0
Philippines,1985,0
Philippines,1984,0
Philippines,1983,0
Philippines,1982,1
Philippines,1981,1
Philippines,1980,1
Philippines,1979,1
Philippines,1978,1
Philippines,1977,1
Philippines,1976,1
Philippines,1975,1
Philippines,1974,1
Philippines,1973,1
Philippines,1972,1
Philippines,1971,1
Philippines,1970,1
Philippines,1969,1
Philippines,1968,1
Philippines,1967,1
Philippines,1966,0
Philippines,1965,0
Philippines,1964,0
Philippines,1963,0
Philippines,1962,0
Philippines,1961,0
Philippines,1960,0
Philippines,1959,0
Philippines,1958,0
Philippines,1957,0
Philippines,1956,0
Philippines,1955,0
Philippines,1954,0
Philippines,1953,0
Philippines,1952,0
Philippines,1951,0
Philippines,1950,0
Philippines,1949,0
Philippines,1948,0
Philippines,1947,0
Philippines,1946,0
Philippines,1945,0
Philippines,1944,0
Philippines,1943,0
Philippines,1942,0
Philippines,1941,0
Philippines,1940,0
Philippines,1939,0
Philippines,1937,0
Philippines,1936,0
Philippines,1935,0
Philippines,1934,0
Philippines,1933,0
Philippines,1932,0
Philippines,1931,0
Philippines,1929,0
Philippines,1928,0
Philippines,1927,0
Philippines,1925,0
Philippines,1923,0
Philippines,1920,0
Poland,1987,1
Poland,1986,1
Poland,1985,1
Poland,1984,1
Poland,1983,1
Poland,1982,1
Poland,1981,1
Poland,1980,1
Poland,1979,1
Poland,1978,1
Poland,1977,1
Poland,1976,1
Poland,1975,1
Poland,1974,1
Poland,1973,1
Poland,1972,1
Poland,1971,1
Poland,1970,1
Poland,1969,1
Poland,1968,0
Poland,1967,0
Poland,1966,0
Poland,1965,0
Poland,1964,0
Poland,1963,0
Poland,1962,0
Poland,1961,0
Poland,1960,0
Poland,1959,0
Poland,1958,0
Poland,1957,0
Poland,1956,0
Poland,1955,0
Poland,1954,0
Poland,1953,0
Poland,1952,0
Poland,1951,0
Poland,1950,0
Poland,1949,0
Poland,1948,0
Poland,1947,0
Poland,1946,0
Poland,1945,0
Poland,1944,0
Poland,1943,0
Poland,1942,0
Poland,1941,0
Poland,1940,0
Poland,1939,0
Poland,1938,0
Poland,1937,0
Poland,1936,0
Poland,1935,0
Poland,1934,0
Poland,1933,0
Poland,1932,0
Poland,1931,0
Poland,1930,0
Poland,1929,0
Poland,1928,0
Poland,1927,0
Poland,1926,0
Poland,1924,0
Poland,1922,0
Portugal,1987,1
Portugal,1986,1
Portugal,1985,1
Portugal,1984,1
Portugal,1983,1
Portugal,1982,1
Portugal,1981,1
Portugal,1980,1
Portugal,1979,1
Portugal,1978,1
Portugal,1977,1
Portugal,1976,1
Portugal,1975,1
Portugal,1974,1
Portugal,1973,1
Portugal,1972,1
Portugal,1971,1
Portugal,1970,1
Portugal,1969,1
Portugal,1968,1
Portugal,1967,1
Portugal,1966,1
Portugal,1965,1
Portugal,1964,1
Portugal,1963,1
Portugal,1962,1
Portugal,1961,1
Portugal,1960,1
Portugal,1959,1
Portugal,1958,1
Portugal,1957,1
Portugal,1956,1
Portugal,1955,1
Portugal,1954,0
Portugal,1953,0
Portugal,1952,0
Portugal,1951,0
Portugal,1950,0
Portugal,1949,0
Portugal,1948,0
Portugal,1947,0
Portugal,1946,0
Portugal,1945,0
Portugal,1944,0
Portugal,1943,0
Portugal,1942,0
Portugal,1941,0
Portugal,1940,0
Portugal,1939,0
Portugal,1938,0
Portugal,1937,0
Portugal,1936,0
Portugal,1935,0
Portugal,1934,0
Portugal,1933,0
Portugal,1932,0
Portugal,1931,0
Portugal,1930,0
Portugal,1929,0
Portugal,1928,0
Portugal,1927,0
Portugal,1926,0
Portugal,1925,0
Portugal,1924,0
Portugal,1923,0
Portugal,1922,0
Portugal,1921,0
Portugal,1917,0
Romania,1987,1
Romania,1986,1
Romania,1985,1
Romania,1984,1
Romania,1983,1
Romania,1982,1
Romania,1981,1
Romania,1980,1
Romania,1979,1
Romania,1978,1
Romania,1977,1
Romania,1976,1
Romania,1975,1
Romania,1974,1
Romania,1973,1
Romania,1972,1
Romania,1971,1
Romania,1970,1
Romania,1969,1
Romania,1968,0
Romania,1967,0
Romania,1966,0
Romania,1965,0
Romania,1964,0
Romania,1963,0
Romania,1962,0
Romania,1961,0
Romania,1960,0
Romania,1959,0
Romania,1958,0
Romania,1957,0
Romania,1956,0
Romania,1955,0
Romania,1954,0
Romania,1953,0
Romania,1952,0
Romania,1951,0
Romania,1950,0
Romania,1949,0
Romania,1948,0
Romania,1947,0
Romania,1946,0
Romania,1945,0
Romania,1944,0
Romania,1943,0
Romania,1942,0
Romania,1941,0
Romania,1940,0
Romania,1939,0
Romania,1938,0
Romania,1937,0
Romania,1936,0
Romania,1935,0
Romania,1934,0
Romania,1933,0
Romania,1932,0
Romania,1931,0
Romania,1930,0
Romania,1929,0
Romania,1928,0
Romania,1927,0
Romania,1926,0
Romania,1925,0
Romania,1924,0
Romania,1922,0
Romania,1920,0
Romania,1918,0
Russia,1987,0
Russia,1986,0
Russia,1985,0
Russia,1984,0
Russia,1983,0
Russia,1982,0
Russia,1981,0
Russia,1980,0
Russia,1979,0
Russia,1978,0
Russia,1977,0
Russia,1976,0
Russia,1975,0
Russia,1974,0
Russia,1973,0
Russia,1972,0
Russia,1971,0
Russia,1970,0
Russia,1969,0
Russia,1968,0
Russia,1967,0
Russia,1966,0
Russia,1965,0
Russia,1964,0
Russia,1963,0
Russia,1962,0
Russia,1961,0
Russia,1960,0
Russia,1959,0
Russia,1958,0
Russia,1957,0
Russia,1956,0
Russia,1955,0
Russia,1954,0
Russia,1953,0
Russia,1952,0
Russia,1951,0
Russia,1950,0
Russia,1949,0
Russia,1948,0
Russia,1947,0
Russia,1946,0
Russia,1945,0
Russia,1944,0
Russia,1943,0
Russia,1942,0
Russia,1941,0
Russia,1940,0
Russia,1939,0
Russia,1938,0
Russia,1937,0
Russia,1936,0
Russia,1935,0
Russia,1934,0
Russia,1933,0
Russia,1932,0
Russia,1931,0
Russia,1930,0
Russia,1929,0
Russia,1928,0
Russia,1927,0
Russia,1926,0
Russia,1925,0
Russia,1921,0
Russia,1920,0
Rwanda,1987,0
Rwanda,1986,0
Rwanda,1985,0
Rwanda,1984,0
Rwanda,1983,0
Rwanda,1982,0
Rwanda,1981,0
Rwanda,1980,0
Rwanda,1979,0
Rwanda,1978,0
Rwanda,1977,0
Rwanda,1976,0
Rwanda,1975,0
Rwanda,1974,0
Rwanda,1973,0
Rwanda,1972,0
Rwanda,1971,0
Rwanda,1970,0
Rwanda,1969,0
Rwanda,1968,0
Rwanda,1967,0
Rwanda,1966,0
Rwanda,1965,0
Rwanda,1964,0
Rwanda,1963,0
Rwanda,1962,0
Rwanda,1961,0
Rwanda,1960,0
Rwanda,1959,0
Rwanda,1958,0
Rwanda,1957,0
Rwanda,1956,0
Rwanda,1955,0
Rwanda,1954,0
Rwanda,1953,0
Rwanda,1952,0
Rwanda,1951,0
Rwanda,1950,0
Rwanda,1949,0
Rwanda,1948,0
Rwanda,1947,0
Rwanda,1945,0
Rwanda,1944,0
Rwanda,1943,0
Rwanda,1942,0
Rwanda,1941,0
Rwanda,1940,0
Rwanda,1937,0
Rwanda,1935,0
Rwanda,1934,0
Rwanda,1933,0
Rwanda,1932,0
Rwanda,1931,0
Rwanda,1930,0
Rwanda,1926,0
Rwanda,1924,0
Saudi Arabia,1987,0
Saudi Arabia,1988,0
Saudi Arabia,1986,0
Saudi Arabia,1985,0
Saudi Arabia,1984,0
Saudi Arabia,1983,0
Saudi Arabia,1982,0
Saudi Arabia,1981,0
Saudi Arabia,1980,0
Saudi Arabia,1979,0
Saudi Arabia,1978,0
Saudi Arabia,1977,0
Saudi Arabia,1976,0
Saudi Arabia,1975,0
Saudi Arabia,1974,0
Saudi Arabia,1973,0
Saudi Arabia,1972,0
Saudi Arabia,1971,0
Saudi Arabia,1970,0
Saudi Arabia,1969,0
Saudi Arabia,1968,0
Saudi Arabia,1967,0
Saudi Arabia,1966,0
Saudi Arabia,1965,0
Saudi Arabia,1964,0
Saudi Arabia,1963,0
Saudi Arabia,1962,0
Saudi Arabia,1961,0
Saudi Arabia,1960,0
Saudi Arabia,1959,0
Saudi Arabia,1958,0
Saudi Arabia,1957,0
Saudi Arabia,1956,0
Saudi Arabia,1955,0
Saudi Arabia,1954,0
Saudi Arabia,1953,0
Saudi Arabia,1952,0
Saudi Arabia,1950,0
Saudi Arabia,1949,0
Saudi Arabia,1948,0
Saudi Arabia,1947,0
Saudi Arabia,1946,0
Saudi Arabia,1943,0
Saudi Arabia,1942,0
Saudi Arabia,1941,0
Saudi Arabia,1940,0
Saudi Arabia,1938,0
Saudi Arabia,1937,0
Saudi Arabia,1917,0
Serbia,1987,1
Serbia,1986,1
Serbia,1985,1
Serbia,1984,1
Serbia,1983,1
Serbia,1982,1
Serbia,1981,1
Serbia,1980,1
Serbia,1979,0
Serbia,1978,0
Serbia,1977,0
Serbia,1976,0
Serbia,1975,0
Serbia,1974,0
Serbia,1973,0
Serbia,1972,0
Serbia,1971,0
Serbia,1970,0
Serbia,1969,0
Serbia,1968,0
Serbia,1967,0
Serbia,1966,0
Serbia,1965,0
Serbia,1964,0
Serbia,1963,0
Serbia,1962,0
Serbia,1961,0
Serbia,1960,0
Serbia,1959,0
Serbia,1958,0
Serbia,1957,0
Serbia,1956,0
Serbia,1955,0
Serbia,1954,0
Serbia,1953,0
Serbia,1952,0
Serbia,1951,0
Serbia,1950,0
Serbia,1949,0
Serbia,1948,0
Serbia,1947,0
Serbia,1946,0
Serbia,1945,0
Serbia,1944,0
Serbia,1943,0
Serbia,1942,0
Serbia,1941,0
Serbia,1940,0
Serbia,1939,0
Serbia,1938,0
Serbia,1937,0
Serbia,1936,0
Serbia,1935,0
Serbia,1934,0
Serbia,1933,0
Serbia,1932,0
Serbia,1930,0
Serbia,1929,0
Serbia,1928,0
Serbia,1927,0
Serbia,1926,0
Serbia,1925,0
Serbia,1924,0
Serbia,1920,0
South Africa,1987,1
South Africa,1986,1
South Africa,1985,1
South Africa,1984,1
South Africa,1983,1
South Africa,1982,1
South Africa,1981,1
South Africa,1980,1
South Africa,1979,1
South Africa,1978,1
South Africa,1977,1
South Africa,1976,1
South Africa,1975,1
South Africa,1974,1
South Africa,1973,0
South Africa,1972,0
South Africa,1971,0
South Africa,1970,0
South Africa,1969,0
South Africa,1968,0
South Africa,1967,0
South Africa,1966,0
South Africa,1965,0
South Africa,1964,0
South Africa,1963,0
South Africa,1962,0
South Africa,1961,0
South Africa,1960,0
South Africa,1959,0
South Africa,1958,0
South Africa,1957,0
South Africa,1956,0
South Africa,1955,0
South Africa,1954,0
South Africa,1953,0
South Africa,1952,0
South Africa,1951,0
South Africa,1950,0
South Africa,1949,0
South Africa,1948,0
South Africa,1947,0
South Africa,1946,0
South Africa,1945,0
South Africa,1944,0
South Africa,1943,0
South Africa,1942,0
South Africa,1941,0
South Africa,1940,0
South Africa,1938,0
South Africa,1937,0
South Africa,1936,0
South Africa,1934,0
South Africa,1933,0
South Africa,1932,0
South Africa,1930,0
South Africa,1929,0
South Africa,1927,0
South Africa,1923,0
South Korea,1987,1
South Korea,1986,1
South Korea,1985,1
South Korea,1984,1
South Korea,1983,1
South Korea,1982,1
South Korea,1981,1
South Korea,1980,1
South Korea,1979,1
South Korea,1978,1
South Korea,1977,1
South Korea,1976,1
South Korea,1975,1
South Korea,1974,1
South Korea,1973,1
South Korea,1972,1
South Korea,1971,1
South Korea,1970,1
South Korea,1969,1
South Korea,1968,1
South Korea,1967,1
South Korea,1966,0
South Korea,1965,0
South Korea,1964,0
South Korea,1963,0
South Korea,1962,0
South Korea,1961,0
South Korea,1960,0
South Korea,1959,0
South Korea,1958,0
South Korea,1957,0
South Korea,1956,0
South Korea,1955,0
South Korea,1954,0
South Korea,1953,0
South Korea,1952,0
South Korea,1951,0
South Korea,1950,0
South Korea,1949,0
South Korea,1948,0
South Korea,1947,0
South Korea,1946,0
South Korea,1945,0
South Korea,1944,0
South Korea,1943,0
South Korea,1942,0
South Korea,1941,0
South Korea,1940,0
South Korea,1939,0
South Korea,1938,0
South Korea,1937,0
South Korea,1936,0
South Korea,1935,0
South Korea,1934,0
South Korea,1933,0
South Korea,1932,0
South Korea,1931,0
South Korea,1930,0
South Korea,1929,0
South Korea,1927,0
South Korea,1926,0
South Korea,1924,0
South Korea,1919,0
Spain,1987,1
Spain,1986,1
Spain,1985,1
Spain,1984,1
Spain,1983,1
Spain,1982,1
Spain,1981,1
Spain,1980,1
Spain,1979,1
Spain,1978,1
Spain,1977,1
Spain,1976,1
Spain,1975,1
Spain,1974,1
Spain,1973,1
Spain,1972,1
Spain,1971,1
Spain,1970,1
Spain,1969,1
Spain,1968,1
Spain,1967,1
Spain,1966,1
Spain,1965,1
Spain,1964,1
Spain,1963,1
Spain,1962,1
Spain,1961,1
Spain,1960,1
Spain,1959,1
Spain,1958,1
Spain,1957,1
Spain,1956,0
Spain,1955,0
Spain,1954,0
Spain,1953,0
Spain,1952,0
Spain,1951,0
Spain,1950,0
Spain,1949,0
Spain,1948,0
Spain,1947,0
Spain,1946,0
Spain,1945,0
Spain,1944,0
Spain,1943,0
Spain,1942,0
Spain,1941,0
Spain,1940,0
Spain,1939,0
Spain,1938,0
Spain,1937,0
Spain,1936,0
Spain,1935,0
Spain,1934,0
Spain,1933,0
Spain,1932,0
Spain,1930,0
Spain,1929,0
Spain,1928,0
Spain,1927,0
Spain,1925,0
Sri Lanka,1987,0
Sri Lanka,1986,0
Sri Lanka,1985,0
Sri Lanka,1984,0
Sri Lanka,1983,1
Sri Lanka,1982,0
Sri Lanka,1981,1
Sri Lanka,1980,1
Sri Lanka,1979,1
Sri Lanka,1978,1
Sri Lanka,1977,1
Sri Lanka,1976,1
Sri Lanka,1975,1
Sri Lanka,1974,1
Sri Lanka,1973,0
Sri Lanka,1972,0
Sri Lanka,1971,0
Sri Lanka,1970,0
Sri Lanka,1969,0
Sri Lanka,1968,0
Sri Lanka,1967,0
Sri Lanka,1966,0
Sri Lanka,1965,0
Sri Lanka,1964,0
Sri Lanka,1963,0
Sri Lanka,1962,0
Sri Lanka,1961,1
Sri Lanka,1960,1
Sri Lanka,1959,1
Sri Lanka,1958,1
Sri Lanka,1957,1
Sri Lanka,1956,1
Sri Lanka,1955,1
Sri Lanka,1954,1
Sri Lanka,1953,1
Sri Lanka,1952,1
Sri Lanka,1951,1
Sri Lanka,1950,1
Sri Lanka,1949,1
Sri Lanka,1948,1
Sri Lanka,1947,1
Sri Lanka,1946,1
Sri Lanka,1945,1
Sri Lanka,1944,1
Sri Lanka,1943,1
Sri Lanka,1942,1
Sri Lanka,1941,1
Sri Lanka,1940,1
Sri Lanka,1939,1
Sri Lanka,1938,1
Sri Lanka,1937,1
Sri Lanka,1936,1
Sri Lanka,1935,1
Sri Lanka,1934,1
Sri Lanka,1932,1
Sri Lanka,1931,1
Sri Lanka,1929,1
Sri Lanka,1928,1
Sri Lanka,1927,1
Sri Lanka,1923,0
Suriname,1987,1
Suriname,1986,1
Suriname,1985,1
Suriname,1984,1
Suriname,1983,1
Suriname,1982,1
Suriname,1981,1
Suriname,1980,1
Suriname,1979,1
Suriname,1978,1
Suriname,1977,1
Suriname,1976,1
Suriname,1975,1
Suriname,1974,1
Suriname,1973,1
Suriname,1972,1
Suriname,1971,1
Suriname,1970,1
Suriname,1969,1
Suriname,1968,1
Suriname,1967,0
Suriname,1966,0
Suriname,1965,0
Suriname,1964,0
Suriname,1963,0
Suriname,1962,0
Suriname,1961,0
Suriname,1960,0
Suriname,1959,0
Suriname,1958,1
Suriname,1957,0
Suriname,1956,1
Suriname,1955,1
Suriname,1954,1
Suriname,1953,1
Suriname,1952,1
Suriname,1951,1
Suriname,1950,1
Suriname,1949,1
Suriname,1948,1
Suriname,1947,1
Suriname,1946,1
Suriname,1945,1
Suriname,1943,1
Suriname,1942,1
Suriname,1940,1
Suriname,1937,1
Suriname,1936,1
Suriname,1934,1
Suriname,1933,0
Suriname,1932,0
Suriname,1931,0
Suriname,1923,0
Suriname,1918,0
Sweden,1987,1
Sweden,1986,1
Sweden,1985,1
Sweden,1984,1
Sweden,1983,1
Sweden,1982,1
Sweden,1981,1
Sweden,1980,1
Sweden,1979,1
Sweden,1978,1
Sweden,1977,1
Sweden,1976,1
Sweden,1975,1
Sweden,1974,1
Sweden,1973,1
Sweden,1972,1
Sweden,1971,1
Sweden,1970,1
Sweden,1969,1
Sweden,1968,1
Sweden,1967,1
Sweden,1966,1
Sweden,1965,1
Sweden,1964,1
Sweden,1963,1
Sweden,1962,1
Sweden,1961,1
Sweden,1960,1
Sweden,1959,1
Sweden,1958,1
Sweden,1957,1
Sweden,1956,1
Sweden,1955,1
Sweden,1954,1
Sweden,1953,1
Sweden,1952,1
Sweden,1951,1
Sweden,1950,1
Sweden,1949,1
Sweden,1948,1
Sweden,1947,1
Sweden,1946,1
Sweden,1945,1
Sweden,1944,1
Sweden,1943,1
Sweden,1942,1
Sweden,1941,1
Sweden,1940,1
Sweden,1939,1
Sweden,1938,1
Sweden,1937,1
Sweden,1936,1
Sweden,1935,1
Sweden,1934,1
Sweden,1933,1
Sweden,1932,1
Sweden,1931,1
Sweden,1929,1
Sweden,1928,1
Sweden,1927,1
Sweden,1926,1
Sweden,1923,1
Sweden,1922,1
Sweden,1919,1
Switzerland,1987,1
Switzerland,1986,1
Switzerland,1985,1
Switzerland,1984,1
Switzerland,1983,1
Switzerland,1982,1
Switzerland,1981,1
Switzerland,1980,1
Switzerland,1979,1
Switzerland,1978,1
Switzerland,1977,1
Switzerland,1976,1
Switzerland,1975,1
Switzerland,1974,1
Switzerland,1973,1
Switzerland,1972,1
Switzerland,1971,1
Switzerland,1970,1
Switzerland,1969,1
Switzerland,1968,1
Switzerland,1967,1
Switzerland,1966,1
Switzerland,1965,1
Switzerland,1964,1
Switzerland,1963,1
Switzerland,1962,1
Switzerland,1961,1
Switzerland,1960,1
Switzerland,1959,1
Switzerland,1958,1
Switzerland,1957,1
Switzerland,1956,1
Switzerland,1955,1
Switzerland,1954,1
Switzerland,1953,1
Switzerland,1952,1
Switzerland,1951,1
Switzerland,1950,1
Switzerland,1949,1
Switzerland,1948,1
Switzerland,1947,1
Switzerland,1946,1
Switzerland,1945,1
Switzerland,1944,1
Switzerland,1943,1
Switzerland,1942,1
Switzerland,1941,1
Switzerland,1940,1
Switzerland,1939,1
Switzerland,1938,1
Switzerland,1937,1
Switzerland,1936,1
Switzerland,1935,1
Switzerland,1934,1
Switzerland,1933,1
Switzerland,1932,1
Switzerland,1931,1
Switzerland,1930,1
Switzerland,1929,1
Switzerland,1928,1
Switzerland,1927,1
Switzerland,1926,1
Switzerland,1925,1
Switzerland,1924,1
Switzerland,1921,1
Switzerland,1920,1
Switzerland,1919,1
Tanzania,1987,0
Tanzania,1986,0
Tanzania,1985,0
Tanzania,1984,0
Tanzania,1983,0
Tanzania,1982,0
Tanzania,1981,0
Tanzania,1980,0
Tanzania,1979,0
Tanzania,1978,0
Tanzania,1977,0
Tanzania,1976,0
Tanzania,1975,0
Tanzania,1974,0
Tanzania,1973,0
Tanzania,1972,0
Tanzania,1971,0
Tanzania,1970,0
Tanzania,1969,0
Tanzania,1968,0
Tanzania,1967,0
Tanzania,1966,0
Tanzania,1965,0
Tanzania,1964,0
Tanzania,1963,0
Tanzania,1962,0
Tanzania,1961,0
Tanzania,1960,0
Tanzania,1959,0
Tanzania,1958,0
Tanzania,1957,0
Tanzania,1956,0
Tanzania,1955,0
Tanzania,1954,0
Tanzania,1953,0
Tanzania,1952,0
Tanzania,1951,0
Tanzania,1950,0
Tanzania,1949,0
Tanzania,1948,0
Tanzania,1947,0
Tanzania,1946,0
Tanzania,1945,0
Tanzania,1944,0
Tanzania,1942,0
Tanzania,1941,0
Tanzania,1940,0
Tanzania,1939,0
Tanzania,1938,0
Tanzania,1937,0
Tanzania,1936,0
Tanzania,1935,0
Tanzania,1933,0
Tanzania,1932,0
Thailand,1987,0
Thailand,1986,0
Thailand,1985,0
Thailand,1984,1
Thailand,1983,1
Thailand,1982,1
Thailand,1981,1
Thailand,1980,1
Thailand,1979,1
Thailand,1978,1
Thailand,1977,1
Thailand,1976,0
Thailand,1975,0
Thailand,1974,0
Thailand,1973,0
Thailand,1972,0
Thailand,1971,0
Thailand,1970,0
Thailand,1969,0
Thailand,1968,0
Thailand,1967,0
Thailand,1966,0
Thailand,1965,0
Thailand,1964,0
Thailand,1963,0
Thailand,1962,0
Thailand,1961,0
Thailand,1960,0
Thailand,1959,0
Thailand,1958,0
Thailand,1957,0
Thailand,1956,0
Thailand,1955,0
Thailand,1954,0
Thailand,1953,0
Thailand,1952,0
Thailand,1951,0
Thailand,1950,0
Thailand,1949,0
Thailand,1948,0
Thailand,1947,0
Thailand,1946,0
Thailand,1945,0
Thailand,1944,0
Thailand,1943,0
Thailand,1942,0
Thailand,1941,0
Thailand,1940,0
Thailand,1939,0
Thailand,1938,0
Thailand,1937,0
Thailand,1936,0
Thailand,1935,0
Thailand,1934,0
Thailand,1933,0
Thailand,1932,0
Thailand,1931,0
Thailand,1928,0
Thailand,1927,0
Thailand,1926,0
Thailand,1921,0
Thailand,1917,0
Turkey,1987,1
Turkey,1986,1
Turkey,1985,1
Turkey,1984,1
Turkey,1983,1
Turkey,1982,1
Turkey,1981,1
Turkey,1980,1
Turkey,1979,1
Turkey,1978,1
Turkey,1977,1
Turkey,1976,1
Turkey,1975,1
Turkey,1974,1
Turkey,1973,1
Turkey,1972,1
Turkey,1971,1
Turkey,1970,1
Turkey,1969,1
Turkey,1968,0
Turkey,1967,0
Turkey,1966,0
Turkey,1965,0
Turkey,1964,0
Turkey,1963,0
Turkey,1962,0
Turkey,1961,0
Turkey,1960,0
Turkey,1959,0
Turkey,1958,1
Turkey,1957,1
Turkey,1956,1
Turkey,1955,1
Turkey,1954,1
Turkey,1953,1
Turkey,1952,1
Turkey,1951,1
Turkey,1950,1
Turkey,1949,1
Turkey,1948,1
Turkey,1947,1
Turkey,1946,1
Turkey,1945,1
Turkey,1944,0
Turkey,1943,0
Turkey,1942,0
Turkey,1941,0
Turkey,1940,0
Turkey,1937,0
Turkey,1936,0
Turkey,1935,0
Uganda,1987,0
Uganda,1986,0
Uganda,1985,0
Uganda,1984,0
Uganda,1983,0
Uganda,1982,0
Uganda,1981,0
Uganda,1980,0
Uganda,1979,0
Uganda,1978,0
Uganda,1977,0
Uganda,1976,0
Uganda,1975,0
Uganda,1974,0
Uganda,1973,0
Uganda,1972,0
Uganda,1971,0
Uganda,1970,0
Uganda,1969,0
Uganda,1968,0
Uganda,1967,0
Uganda,1966,0
Uganda,1965,0
Uganda,1964,0
Uganda,1963,0
Uganda,1962,0
Uganda,1961,0
Uganda,1960,0
Uganda,1959,0
Uganda,1958,0
Uganda,1957,0
Uganda,1956,0
Uganda,1954,0
Uganda,1953,0
Uganda,1952,0
Uganda,1951,0
Uganda,1948,0
Uganda,1947,0
Uganda,1946,0
Uganda,1945,0
Uganda,1944,0
Uganda,1943,0
Uganda,1942,0
Uganda,1941,0
Uganda,1940,0
Uganda,1938,0
Uganda,1937,0
Uganda,1935,0
Uganda,1934,0
Uganda,1922,0
Ukraine,1987,0
Ukraine,1986,0
Ukraine,1985,0
Ukraine,1984,0
Ukraine,1983,0
Ukraine,1982,0
Ukraine,1981,0
Ukraine,1980,0
Ukraine,1979,0
Ukraine,1978,0
Ukraine,1977,0
Ukraine,1976,1
Ukraine,1975,0
Ukraine,1974,0
Ukraine,1973,0
Ukraine,1972,0
Ukraine,1971,0
Ukraine,1970,0
Ukraine,1969,0
Ukraine,1968,0
Ukraine,1967,0
Ukraine,1966,0
Ukraine,1965,0
Ukraine,1964,0
Ukraine,1963,0
Ukraine,1962,0
Ukraine,1961,0
Ukraine,1960,0
Ukraine,1959,0
Ukraine,1958,0
Ukraine,1957,0
Ukraine,1956,0
Ukraine,1955,0
Ukraine,1954,0
Ukraine,1953,0
Ukraine,1952,0
Ukraine,1951,0
Ukraine,1950,0
Ukraine,1949,0
Ukraine,1948,0
Ukraine,1947,0
Ukraine,1946,0
Ukraine,1945,0
Ukraine,1944,0
Ukraine,1943,0
Ukraine,1942,0
Ukraine,1941,0
Ukraine,1940,0
Ukraine,1939,0
Ukraine,1938,0
Ukraine,1937,0
Ukraine,1936,0
Ukraine,1935,0
Ukraine,1934,0
Ukraine,1933,0
Ukraine,1932,0
Ukraine,1931,0
Ukraine,1930,0
Ukraine,1929,0
Ukraine,1928,0
Ukraine,1927,0
Ukraine,1923,0
Ukraine,1922,0
Ukraine,1921,0
United Arab Emirates,1987,0
United Arab Emirates,1986,0
United Arab Emirates,1985,0
United Arab Emirates,1984,0
United Arab Emirates,1983,0
United Arab Emirates,1982,0
United Arab Emirates,1981,0
United Arab Emirates,1980,0
United Arab Emirates,1979,0
United Arab Emirates,1978,0
United Arab Emirates,1977,0
United Arab Emirates,1976,0
United Arab Emirates,1975,0
United Arab Emirates,1974,0
United Arab Emirates,1973,0
United Arab Emirates,1972,0
United Arab Emirates,1971,0
United Arab Emirates,1970,0
United Arab Emirates,1969,0
United Arab Emirates,1968,0
United Arab Emirates,1967,0
United Arab Emirates,1966,0
United Arab Emirates,1965,0
United Arab Emirates,1964,0
United Arab Emirates,1963,0
United Arab Emirates,1962,0
United Arab Emirates,1961,0
United Arab Emirates,1960,0
United Arab Emirates,1959,0
United Arab Emirates,1958,0
United Arab Emirates,1957,0
United Arab Emirates,1956,0
United Arab Emirates,1954,0
United Arab Emirates,1952,0
United Arab Emirates,1951,0
United Arab Emirates,1950,0
United Arab Emirates,1949,0
United Arab Emirates,1948,0
United Arab Emirates,1947,0
United Arab Emirates,1946,0
United Arab Emirates,1944,0
United Arab Emirates,1939,0
United Kingdom,1987,1
United Kingdom,1986,1
United Kingdom,1985,1
United Kingdom,1984,1
United Kingdom,1983,1
United Kingdom,1982,1
United Kingdom,1981,1
United Kingdom,1980,1
United Kingdom,1979,1
United Kingdom,1978,1
United Kingdom,1977,1
United Kingdom,1976,1
United Kingdom,1975,1
United Kingdom,1974,1
United Kingdom,1973,1
United Kingdom,1972,1
United Kingdom,1971,1
United Kingdom,1970,1
United Kingdom,1969,1
United Kingdom,1968,1
United Kingdom,1967,1
United Kingdom,1966,1
United Kingdom,1965,1
United Kingdom,1964,1
United Kingdom,1963,1
United Kingdom,1962,1
United Kingdom,1961,1
United Kingdom,1960,1
United Kingdom,1959,1
United Kingdom,1958,1
United Kingdom,1957,1
United Kingdom,1956,1
United Kingdom,1955,1
United Kingdom,1954,1
United Kingdom,1953,1
United Kingdom,1952,1
United Kingdom,1951,1
United Kingdom,1950,1
United Kingdom,1949,1
United Kingdom,1948,1
United Kingdom,1947,1
United Kingdom,1946,1
United Kingdom,1945,1
United Kingdom,1944,1
United Kingdom,1943,1
United Kingdom,1942,1
United Kingdom,1941,1
United Kingdom,1940,1
United Kingdom,1939,1
United Kingdom,1938,1
United Kingdom,1937,1
United Kingdom,1936,1
United Kingdom,1935,1
United Kingdom,1934,1
United Kingdom,1933,1
United Kingdom,1932,1
United Kingdom,1931,1
United Kingdom,1930,1
United Kingdom,1929,1
United Kingdom,1928,1
United Kingdom,1926,1
United Kingdom,1925,1
United Kingdom,1924,1
United Kingdom,1923,1
United Kingdom,1921,1
United Kingdom,1920,1
United States,1987,1
United States,1986,1
United States,1985,1
United States,1984,1
United States,1983,1
United States,1982,1
United States,1981,1
United States,1980,1
United States,1979,1
United States,1978,1
United States,1977,1
United States,1976,1
United States,1975,1
United States,1974,1
United States,1973,1
United States,1972,1
United States,1971,1
United States,1970,1
United States,1969,1
United States,1968,1
United States,1967,1
United States,1966,1
United States,1965,1
United States,1964,1
United States,1963,1
United States,1962,1
United States,1961,1
United States,1960,1
United States,1959,1
United States,1958,1
United States,1957,1
United States,1956,1
United States,1955,1
United States,1954,1
United States,1953,1
United States,1952,1
United States,1951,1
United States,1950,1
United States,1949,1
United States,1948,1
United States,1947,1
United States,1946,1
United States,1945,1
United States,1944,1
United States,1943,1
United States,1942,1
United States,1941,1
United States,1940,1
United States,1939,1
United States,1938,1
United States,1937,1
United States,1936,1
United States,1935,1
United States,1934,1
United States,1933,1
United States,1932,1
United States,1931,1
United States,1930,1
United States,1929,1
United States,1928,1
United States,1927,1
United States,1925,1
United States,1924,1
United States,1923,1
United States,1922,1
United States,1921,1
United States,1920,1
United States,1919,1
United States,1917,1
United States,1916,1
Venezuela,1987,0
Venezuela,1986,0
Venezuela,1985,0
Venezuela,1984,0
Venezuela,1983,0
Venezuela,1982,0
Venezuela,1981,0
Venezuela,1980,1
Venezuela,1979,1
Venezuela,1978,1
Venezuela,1977,1
Venezuela,1976,1
Venezuela,1975,1
Venezuela,1974,1
Venezuela,1973,1
Venezuela,1972,1
Venezuela,1971,1
Venezuela,1970,1
Venezuela,1969,1
Venezuela,1968,1
Venezuela,1967,1
Venezuela,1966,1
Venezuela,1965,1
Venezuela,1964,1
Venezuela,1963,1
Venezuela,1962,1
Venezuela,1961,1
Venezuela,1960,1
Venezuela,1959,1
Venezuela,1958,1
Venezuela,1957,1
Venezuela,1956,1
Venezuela,1955,1
Venezuela,1954,1
Venezuela,1953,1
Venezuela,1952,1
Venezuela,1951,1
Venezuela,1950,1
Venezuela,1949,1
Venezuela,1948,1
Venezuela,1947,1
Venezuela,1946,1
Venezuela,1945,1
Venezuela,1944,1
Venezuela,1943,1
Venezuela,1942,1
Venezuela,1941,1
Venezuela,1940,1
Venezuela,1939,1
Venezuela,1938,1
Venezuela,1937,0
Venezuela,1936,0
Venezuela,1935,0
Venezuela,1934,0
Venezuela,1933,0
Venezuela,1932,0
Venezuela,1931,0
Venezuela,1930,0
Venezuela,1928,0
Venezuela,1926,0
Venezuela,1925,0
Venezuela,1924,0
Venezuela,1923,0
Venezuela,1919,0
Vietnam,1987,0
Vietnam,1986,0
Vietnam,1985,0
Vietnam,1984,0
Vietnam,1983,0
Vietnam,1982,0
Vietnam,1981,0
Vietnam,1980,0
Vietnam,1979,0
Vietnam,1978,0
Vietnam,1977,0
Vietnam,1976,0
Vietnam,1975,0
Vietnam,1974,0
Vietnam,1973,0
Vietnam,1972,0
Vietnam,1971,0
Vietnam,1970,0
Vietnam,1969,0
Vietnam,1968,0
Vietnam,1967,0
Vietnam,1966,0
Vietnam,1965,0
Vietnam,1964,0
Vietnam,1963,0
Vietnam,1962,0
Vietnam,1961,0
Vietnam,1960,0
Vietnam,1959,0
Vietnam,1958,0
Vietnam,1957,0
Vietnam,1956,0
Vietnam,1955,0
Vietnam,1954,0
Vietnam,1953,0
Vietnam,1952,0
Vietnam,1951,0
Vietnam,1950,0
Vietnam,1949,0
Vietnam,1948,0
Vietnam,1947,0
Vietnam,1946,0
Vietnam,1945,0
Vietnam,1944,0
Vietnam,1943,0
Vietnam,1942,0
Vietnam,1941,0
Vietnam,1940,0
Vietnam,1939,0
Vietnam,1938,0
Vietnam,1937,0
Vietnam,1936,0
Vietnam,1934,0
Vietnam,1933,0
Vietnam,1932,0
Vietnam,1931,0
Vietnam,1930,0
Vietnam,1928,0
Vietnam,1927,0
Vietnam,1925,0
Vietnam,1920,0
Vietnam,1919,0
Zimbabwe,1987,0
Zimbabwe,1986,0
Zimbabwe,1985,0
Zimbabwe,1984,0
Zimbabwe,1983,0
Zimbabwe,1982,0
Zimbabwe,1981,0
Zimbabwe,1980,0
Zimbabwe,1979,0
Zimbabwe,1978,0
Zimbabwe,1977,0
Zimbabwe,1976,0
Zimbabwe,1975,0
Zimbabwe,1974,0
Zimbabwe,1973,0
Zimbabwe,1972,0
Zimbabwe,1971,0
Zimbabwe,1970,0
Zimbabwe,1969,0
Zimbabwe,1968,0
Zimbabwe,1967,0
Zimbabwe,1966,0
Zimbabwe,1965,0
Zimbabwe,1964,0
Zimbabwe,1963,0
Zimbabwe,1962,0
Zimbabwe,1961,0
Zimbabwe,1960,0
Zimbabwe,1959,0
Zimbabwe,1958,0
Zimbabwe,1957,0
Zimbabwe,1956,0
Zimbabwe,1955,0
Zimbabwe,1954,0
Zimbabwe,1953,0
Zimbabwe,1952,0
Zimbabwe,1951,0
Zimbabwe,1950,0
Zimbabwe,1949,0
Zimbabwe,1948,0
Zimbabwe,1947,0
Zimbabwe,1946,0
Zimbabwe,1945,0
Zimbabwe,1944,0
Zimbabwe,1943,0
Zimbabwe,1942,0
Zimbabwe,1941,0
Zimbabwe,1940,0
Zimbabwe,1939,0
Zimbabwe,1938,0
Zimbabwe,1937,0
Zimbabwe,1936,0
Zimbabwe,1934,0
Zimbabwe,1933,0
Zimbabwe,1932,0
Zimbabwe,1928,0